{
  "timestamp": "2025-12-24 14:32:32",
  "dataset": {
    "raw_size": 10000,
    "processed_size": 10000,
    "categories": 10,
    "average_price": 7493.1821,
    "average_rating": 3.9685300000000003
  },
  "model": {
    "tfidf_features": 5000,
    "vocabulary_size": 5000,
    "similarity_matrix_shape": [
      10000,
      10000
    ]
  },
  "performance": {
    "coverage_percentage": 4.84,
    "average_similarity": 0.9547956312219008
  }
}