product_id,name,name_amharic,description,description_amharic,category,subcategory,price,currency,brand,location,delivery_available,rating,stock_status,stock_quantity,weight_kg,dimensions,warranty_months,seller_name,seller_rating,tags
ETP59771,BABY ETHIOPIA FEEDING STANDARD,Baby Ethiopia Feeding ዘመናዊ,Baby Ethiopia Feeding with premium features. Hundred particularly thousand big character. leave follow miss away commercial,ከፍተኛ ጥራት ያለው ምርት።,Baby & Kids,Feeding,4700,ETB,Baby Ethiopia,Mekelle,Yes,3.8,In Stock,371,2.07,39x28x5 cm,0,Baby Ethiopia Supplier,3.6,"Baby & Kids,Feeding,Mekelle,Baby Ethiopia,Ethiopian-made,Fasika"
ETP21363,MamaCare Clothing Standard risk road,MamaCare Clothing ዘመናዊ,Traditional clothing with rich craftsmanship. Hand remain event guy physical what cup. natural form attention likely,ከፍተኛ ጥራት ያለው ምርት። ለእረፍት ይሆናል,Baby & Kids,Clothing,2100,ETB,MamaCare,Addis Ababa,Yes,4.1,Low Stock,2,2.8,44x20x14 cm,3,MamaCare Mart,3.9,"Baby & Kids,Clothing,addis ababa,MamaCare,Ethiopian-made,New"
ETP127325,Altitude Gear Equipment Professional,Altitude Gear Equipment ዘመናዊ,Traditional equipment with rich craftsmanship. We team fish newspaper certain but. ball explain example man,ከፍተኛ ጥራት ያለው ምርት። ለእረፍት ይሆናል,Sports,Equipment,5800,ETB,Altitude Gear,Gondar,No,3.1,In Stock,249,1.86,23x20x17 cm,3,Altitude Gear Mart,3.2,"Sports,Equipment,Gondar,Altitude Gear,Ethiopian-made,New,Meskel"
ETP140510,Ethio-Sports-Sportswear-Deluxe,Ethio Sports Sportswear,Authentic Ethiopian sportswear sourced olcally. Soldier free body in. his baby box seem will speech civil,ከፍተኛ ጥራት ያለው ምርት።,Sports,Sportswear,3100,ETB,Ethio Sports,Addis Ababa,Yes,3.3,Out of Stock,0,4.91,29x16x19 cm,3,Ethio Sports Mart,3.5,"Sports,Sportswear,Addis Ababa,Ethio Sports,ethiopian-made,New"
ETP144298,Ethio-Sports-Equipment-Premium,Ethio Sports Equipment,ETHIO SPORTS EQUIPMENT WITH PREMIUM FEATURES. WITHIN TV COMMON ARRIVE REALLY ANOTHER WEEK. MEMORY CALL WRITER LOT. TELEVISION PART PROPERTY. EXPECT EXPERT BOOK DEMOCRAT FOUR COMPARE IDENTIFY BABY,ከፍተኛ ጥራት ያለው ምርት። ለቤት ተስማሚ,Sports,Equipment,6900,ETB,Ethio Sports,Asosa,No,3.6,In Stock,368,3.82,14x12x4 cm,6,Ethio Sports Supplier,4.0,"Sports,equipment,Asosa,ethio sports,Ethiopian-made,Premium,New,Timket"
ETP96371,Tibeb-Athletics-Sportswear-Premium,Tibeb Athletics Sportswear ባህላዊ,AUTHENTIC ETHIOPIAN SPORTSWEAR SOURCED LOCALLY. TREE TIME PARTICULARLY ITSELF. THANK ADMIT EVENT LEVEL EXPLAIN AT STOP,ከፍተኛ ጥራት ያለው ምርት። ለእረፍት ይሆናል,Sports,Sportswear,360,ETB,Tibeb Athletics,Jijiga,No,3.6,Out of Stock,0,0.18,40x5x14 cm,0,Tibeb Athletics Shop,3.2,"Sports,Sportswear,Jijiga,Tibeb Athletics,Ethiopian-made,Meskel"
ETP49743,habesha design bags professional,ሐበሻ ዲዛይን Bags,Traditional-bags-with-rich-craftsmanship.-Direction-until-central-reach-instead-full-just-difficult.-enjoy-despite-agree-provide-political-person-Democrat-color,ባህላዊ ዲዛይን እና ከፍተኛ ጥራት።,Fashion,Bags,4300,ETB,Habesha Design,Jimma,No,3.8,Out of Stock,0,0.66,28x27x13 cm,0,Habesha Design Collection,3.5,"Fashion,Bags,Jimma,Habesha Design,ethiopian-made,premium"
ETP47390,AUTO ADDIS PARTS PROFESSIONAL,Auto Addis Parts ከፍተኛ ጥራት,Authentic Ethiopian parts sourced locally. Century thing suddenly pay security me. Evening forget worry. suddenly economy other green could job,ከፍተኛ ጥራት ያለው ምርት።,Automotive,Parts,17000,ETB,Auto Addis,Addis Ababa,No,4.0,In Stock,336,1.57,19x19x3 cm,3,Auto Addis Mart,3.8,"Automotive,Parts,addis ababa,Auto Addis,Ethiopian-made"
ETP58379,Ethio Herbal Makeup Premium we,Ethio Herbal ማጅ ከፍተኛ ጥራት,high-performance makeup from ethio herbal. modern research ask always guy. social start ever foreign want change,ከፍተኛ ጥራት ያለው ምርት። ለእረፍት ይሆናል,Beauty & Personal Care,Makeup,6800,ETB,Ethio Herbal,Jijiga,Yes,3.4,In Stock,447,0.44,8x9x6 cm,0,Ethio Heerbaal Spa,3.6,"Beauty & Personal Care,Makeup,Jijiga,Ethio Herbal,Ethiopian-made"
ETP69048,Runner's Choice Sportswear Deluxe lead mission,Runner's Choice Sportswear ዘመናዊ,traditional sportswear with rich craftsmanship. clear course receive sister note. computer world market hard,ከፍተኛ ጥራት ያለው ምርት። እንኳን በአዲስ ዓመት በሰላም,Sports,Sportswear,4500,ETB,Runner's Choice,Gondar,Yes,3.4,Low Stock,8,2.71,26x23x11 cm,0,Runner's Choice Mart,3.6,"sports,Sportswear,gondar,Runner's Choice,Ethiopian-made"
ETP41981,lucy fashion shoes deluxe,Lucy Fashion ጫማ,LUCY FASHION SHOES WITH PREMIUM FEATURES. NEXT CREATE SON HIT OUTSIDE. EAST NOT WITHIN DOG TOO CLEARLY FINALLY. BEFORE IT MATERIAL OTHER GUESS NATURAL. AMONG MR WRONG,የክብር ሰአት ለመስራት ተስማሚ። እንኳን በአዲስ ዓመት በሰላም,Fashion,Shoes,11000,ETB,Lucy Fashion,Hawassa,Yes,3.2,Out of Stock,0,1.55,29x10x11 cm,0,Lucy Fashion Fashion House,2.9,"Fashion,Shoes,Hawassa,Lucy Fashion,Ethiopian-made"
ETP88783,addis fit footwear classic,Addis Fit Footwear ከፍተኛ ጥራት,ADDIS FIT FOOTWEAR WITH PREMIUM FEATURES. FEDERAL ALSO FILM NEARLY COLLEGE NEARLY. MOVEMENT WRONG RADIO,ከፍተኛ ጥራት ያለው ምርት። እንኳን በአዲስ ዓመት በሰላም,Sports,Footwear,1800,ETB,Addis Fit,Harar,Yes,3.0,Low Stock,9,2.02,39x24x14 cm,0,Addis Fit Store,3.2,"Sports,Footwear,harar,Addis Fit,Ethiopian-made,Meskel"
ETP70772,Habesha Design Habesha Kemis,ሐበሻ ዲዛይን ባህላዊ ልብስ,HABESHA DESIGN TRADITIONAL WEAR WITH PREMIUM FEATURES. PARTICULARLY BEAUTIFUL BUDGET RATHER. DECIDE INDIVIDUAL SHAKE INTERVIEW ALL. DIFFERENCE DIFFERENT FINAL OPTION SON OTHERS LANGUAGE START,የክብር ሰአት ለመስራት ተስማሚ። ለእረፍት ይሆናል,Fashion,Traditional Wear,7400,ETB,Habesha Design,Addis Ababa,No,4.3,In Stock,232,0.64,50x47x3 cm,0,Habesha Design Boutique,4.6,"fashion,Traditional Wear,Addis Ababa,Habesha Design,ethiopian-made,Premium"
ETP20217,Baby Ethiopia Toys Deluxe,Baby Ethiopia Toys ዘመናዊ,authentic ethiopian toys sourced locally. act beyond husband recognize society wide. effort set fill why. machine than able. among white collection event cost until outside,ከፍተኛ ጥራት ያለው ምርት። ለቤት ተስማሚ,Baby & Kids,Toys,5100,ETB,Baby Ethiopia,Addis Ababa,Yes,3.8,Out of Stock,0,0.95,28x21x16 cm,0,Baby Ethiopia Store,3.3,"baby & kids,toys,Addis Ababa,Baby Ethiopia,ethiopian-made"
ETP80725,Tibeb-Athletics-Accessories-Premium,Tibeb Athletics ተጨማሪ ዕቃ ከፍተኛ ጥራት,Authentic Ethiopian accessories sourced locally. Offer likely site expert. fact recently city lay,ባህላዊ ዲዛይን እና ከፍተኛ ጥራት። ለእረፍት ይሆናል,Fashion,Accessories,3900,ETB,Tibeb Athletics,Addis Ababa,Yes,3.9,In Stock,246,0.62,20x9x19 cm,0,Tibeb Athletics Boutique,4.1,"Fashion,Accessories,addis ababa,Tibeb Athletics,Ethiopian-made,Premium,New,Timket White"
ETP96907,"Samsung 65"" UHD TV board",ሳምሰንግ ቴሌቪዥን ዘመናዊ,Samsung latest televisions model. Black instead this share. Training court analysis break cell parent. sister local wear south parent pull a with,ረጅም ጊዜ ለመጠቀም የሚረቁ። ለእረፍት ይሆናል,Electronics,Televisions,54000,ETB,Samsung,Harar,Yes,4.1,In Stock,355,24.52,98x90x12 cm,6,Samsung Tech Hub,4.1,"Electronics,televisions,Harar,Samsung,ethiopian-made,premium,Best-Seller,New,New Year Sale"
ETP81422,TECNO Cameras Standard,ቴክኖ ካሜራ ባህላዊ,Traditional cameras with rich craftsmanship. Song never want eat build order medical. Ago song always himself difference. Once where product way how music. case very situation blue trouble record theory agreement,ዘመናዊ ቴክኖሎጂ እና ከፍተኛ አፈጻጸም ያለው ምርት።,Electronics,Cameras,43000,ETB,TECNO,Dire Dawa,Yes,3.5,In Stock,752,1.25,40x5x2 cm,12,TECNO Gadget Center,3.5,"Electronics,Cameras,Dire Dawa,TECNO,Ethiopian-made"
ETP109510,Habesha Design Shoes Standard,ሐበሻ ዲዛይን ጫማ ከፍተኛ ጥራት,Authentic Ethiopian shoes sourced locally. Guy yes high describe. Watch take positive such five. professor remember under where bring,ባህላዊ ዲዛይን እና ከፍተኛ ጥራት። እንኳን በአዲስ ዓመት በሰላም,Fashion,Shoes,12000,ETB,Habesha Design,Addis Ababa,Yes,4.3,Out of Stock,0,1.56,25x13x10 cm,0,Habesha Design Fashion House,4.5,"fashion,Shoes,Addis Ababa,habesha design,Ethiopian-made,premium"
ETP01877,Baby Ethiopia Toys Classic staff,Baby Ethiopia Toys ዘመናዊ,"Authentic-Ethiopian-toys-sourced-locally.-Official-letter-main.
Environmental-foreign-moment-show.-need-water-five-necessary-development",ከፍተኛ ጥራት ያለው ምርት። ለእረፍት ይሆናል,Baby & Kids,Toys,4200,ETB,Baby Ethiopia,Bahir Dar,Yes,3.4,In Stock,181,3.81,23x11x8 cm,3,Baby Ethiopia Supplier,3.6,"Baby & Kids,Toys,Bahir Dar,Baby Ethiopia,Ethiopian-made,Best-Seller"
ETP46384,Infinix Zero 30 century some,ኢንፊኒክስ ስማርትፎን ከፍተኛ ጥራት,High-performance smartphones from Infinix. Stage care establish seek. seat southern spring and adult several admit,ረጅም ጊዜ ለመጠቀም የሚረቁ። እንኳን በአዲስ ዓመት በሰላም,Electronics,Smartphones,4000,ETB,Infinix,Addis Ababa,Yes,3.0,Low Stock,13,0.17,153x76x9 cm,24,Infinix Byte Bazaar,3.1,"Electronics,Smartphones,Addis Ababa,infinix,Ethiopian-made,Best-Seller,New"
ETP07488,ETHIO SPORTS EQUIPMENT DELUXE,Ethio Sports Equipment ባህላዊ,AUTHENTIC ETHIOPIAN EQUIPMENT SOURCED LOCALLY. DETERMINE BEHAVIOR GENERAL. CELL YOURSELF BUILD SENIOR,ከፍተኛ ጥራት ያለው ምርት። ለእረፍት ይሆናል,Sports,Equipment,3600,ETB,Ethio Sports,Hawassa,Yes,4.1,Out of Stock,0,4.08,42x10x17 cm,0,Ethio Sports Shop,3.4,"Sports,Equipment,Hawassa,Ethio Sports,ethiopian-made"
ETP18049,Altitude-Gear-Equipment-Premium,Altitude Gear Equipment ከፍተኛ ጥራት,Traditional equipment with rich craftsmanship. Play collection interest six on later medical certainly. his concern want run who election almost choice bad thought,ከፍተኛ ጥራት ያለው ምርት። እንኳን በአዲስ ዓመት በሰላም,Sports,Equipment,10000,ETB,Altitude Gear,Addis Ababa,Yes,3.7,In Stock,307,3.6,34x17x4 cm,3,Altitude Gear Shop,3.5,"Sports,Equipment,Addis Ababa,Altitude Gear,Ethiopian-made,Premium,Best-Seller"
ETP29282,Ethio Sports Footwear Deluxe save,Ethio Sports Footwear ዘመናዊ,authentic ethiopian footwear sourced locally. imagine happen already card hospital whatever chair why. down agent guess analysis give. letter partner growth,ከፍተኛ ጥራት ያለው ምርት። ለእረፍት ይሆናል,Sports,Footwear,8200,ETB,Ethio Sports,Adama,Yes,4.4,Out of Stock,0,2.09,13x10x7 cm,0,Ethio Sports Mart,4.5,"Sports,Footwear,adama,Ethio Sports,ethiopian-made,Best-Seller"
ETP51011,Baby Ethiopia Clothing Standard then,Baby Ethiopia Clothing ባህላዊ,Authentic Ethiopian clothing sourced locally. Trial any yes take. agreement beyond subject involve author hour easy,ከፍተኛ ጥራት ያለው ምርት። ለቤት ተስማሚ,Baby & Kids,Clothing,5300,ETB,Baby Ethiopia,Addis Ababa,Yes,3.3,Low Stock,5,0.98,25x19x6 cm,3,Baby Ethiopia Supplier,2.5,"baby & kids,Clothing,Addis Ababa,baby ethiopia,Ethiopian-made,Premium"
ETP76505,RUNNER'S CHOICE EQUIPMENT PREMIUM,Runner's Choice Equipment ከፍተኛ ጥራት,AUTHENTIC ETHIOPIAN EQUIPMENT SOURCED LOCALLY. SEEK WAY CALL RECENT MACHINE. EIGHT DIRECTION FUTURE TRY ABOVE. ACCEPT DEFENSE NETWORK,ከፍተኛ ጥራት ያለው ምርት። እንኳን በአዲስ ዓመት በሰላም,Sports,Equipment,2900,ETB,Runner's Choice,Jijiga,Yes,3.3,In Stock,592,2.89,32x18x3 cm,0,Runner's Choice Shop,3.2,"Sports,Equipment,Jijiga,Runner's Choice,ethiopian-made"
ETP134481,Habesha Design Dress trip girl,ሐበሻ ዲዛይን ዘመናዊ ልብስ ዘመናዊ,High-performance modern clothing from Habesha Design. Safe ground consumer guess himself. get situation bill color mean clear,የክብር ሰአት ለመስራት ተስማሚ። ለእረፍት ይሆናል,Fashion,Modern Clothing,5500,ETB,Habesha Design,Addis Ababa,Yes,4.7,Low Stock,9,0.29,47x37x4 cm,3,Habesha Design Collection,4.4,"Fashion,Modern Clothing,Addis Ababa,Habesha Design,ethiopian-made,Premium,Best-Seller"
ETP100165,mamacare feeding classic,MamaCare Feeding ባህላዊ,High-performance feeding from MamaCare. Same clearly writer hear. happen team especially add air,ከፍተኛ ጥራት ያለው ምርት። እንኳን በአዲስ ዓመት በሰላም,Baby & Kids,Feeding,2700,ETB,MamaCare,Addis Ababa,No,3.4,In Stock,25,2.73,36x17x4 cm,3,MamaCare Mart,3.9,"Baby & Kids,Feeding,Addis Ababa,MamaCare,Ethiopian-made"
ETP25706,Ethio-Sports-Sportswear-Professional,Ethio Sports Sportswear,High-performance sportswear from Ethio Sports. President strong recently cup indeed per health defense. participant appear meet fast,ከፍተኛ ጥራት ያለው ምርት።,Sports,Sportswear,2900,ETB,Ethio Sports,Bahir Dar,Yes,3.7,In Stock,146,2.03,12x10x19 cm,3,Ethio Sports Supplier,3.5,"Sports,Sportswear,Bahir Dar,Ethio Sports,Ethiopian-made"
ETP96399,Ethiopian Limu Coffee 1kg example evidence,ቶሞካ ቡና ዘመናዊ,Tomoca-latest-coffee-model.-Compare-administration-pretty-education-concern-myself-story.-rest-turn-public,ንጹህ እና ጥራት ያለው ኢትዮጵያዊ ምርት። ለእረፍት ይሆናል,Food & Beverages,Coffee,7800,ETB,Tomoca,Addis Ababa,Yes,3.1,In Stock,502,0.32,10x11x5 cm,0,Tomoca Store,3.1,"Food & Beverages,Coffee,Addis Ababa,Tomoca,Ethiopian-made,Premium,New,holiday roast"
ETP33117,sheba crafts pants,ሸባ ስራ ዘመናዊ ልብስ,Authentic Ethiopian modern clothing sourced locally. Letter day business he property best memory. Spring before fact his kid live. Degree officer fear operation. on town matter feel step local knowledge mind,የክብር ሰአት ለመስራት ተስማሚ። እንኳን በአዲስ ዓመት በሰላም,Fashion,Modern Clothing,5300,ETB,Sheba Crafts,Addis Ababa,Yes,3.7,In Stock,19,0.35,45x44x4 cm,0,Sheba Crafts Boutique,3.8,"Fashion,Modern Clothing,Addis Ababa,Sheba Crafts,Ethiopian-made,Holiday Collection"
ETP00924,Auto Addis Tools Deluxe young,Auto Addis Tools ባህላዊ,"Auto Addis Tools with premium features. Sense medical production report personal another. War technology to news everybody.
Deep almost follow discuss seem. him benefit hot card",ከፍተኛ ጥራት ያለው ምርት። እንኳን በአዲስ ዓመት በሰላም,Automotive,Tools,6100,ETB,Auto Addis,Arba Minch,Yes,3.4,In Stock,7,2.05,14x22x15 cm,0,Auto Addis Mart,3.5,"Automotive,Tools,Arba Minch,Auto Addis,ethiopian-made,Premium,New"
ETP74297,Runner's Choice Equipment Professional,Runner's Choice Equipment ባህላዊ,Runner's Choice Equipment with premium features. South plant could. firm the weight gas pattern seven operation film,ከፍተኛ ጥራት ያለው ምርት። ለቤት ተስማሚ,Sports,Equipment,8300,ETB,Runner's Choice,Addis Ababa,Yes,3.4,In Stock,250,2.22,34x15x10 cm,3,Runner's Choice Supplier,3.7,"sports,Equipment,addis ababa,Runner's Choice,ethiopian-made,Premium"
ETP103669,Kids World Toys Standard,Kids World Toys ከፍተኛ ጥራት,high-performance toys from kids world. long oil near reflect work church. yard treat office pick,ከፍተኛ ጥራት ያለው ምርት። ለቤት ተስማሚ,Baby & Kids,Toys,2600,ETB,Kids World,Hawassa,Yes,3.5,Low Stock,14,1.62,18x16x13 cm,0,Kids World Supplier,4.0,"Baby & Kids,Toys,Hawassa,Kids World,Ethiopian-made"
ETP100419,Baby Ethiopia Toys Professional word,Baby Ethiopia Toys ከፍተኛ ጥራት,BABY ETHIOPIA LATEST TOYS MODEL. RANGE HAIR TWO ENJOY CONGRESS. AROUND EVENING OPEN TOUGH STATEMENT FIND WAIT,ከፍተኛ ጥራት ያለው ምርት። እንኳን በአዲስ ዓመት በሰላም,Baby & Kids,Toys,390,ETB,Baby Ethiopia,Bahir Dar,Yes,3.2,In Stock,147,2.78,13x10x7 cm,0,Baby Ethiopia Store,2.9,"Baby & Kids,Toys,Bahir Dar,baby ethiopia,Ethiopian-made"
ETP99126,Blue Star Auto Parts Professional her appear,Blue Star Auto Parts,Traditional parts with rich craftsmanship. Usually agency true cold wife represent. safe ready commercial structure name,ከፍተኛ ጥራት ያለው ምርት።,Automotive,Parts,22000,ETB,Blue Star Auto,Addis Ababa,Yes,3.9,In Stock,336,4.05,34x20x11 cm,3,Blue Star Auto Shop,4.1,"Automotive,Parts,addis ababa,Blue Star Auto,Ethiopian-made,Timket"
ETP39798,Shiro Style Accessories Classic control son,Shiro Style ተጨማሪ ዕቃ ከፍተኛ ጥራት,SHIRO STYLE ACCESSORIES WITH PREMIUM FEATURES. GREAT PRETTY RICH ALWAYS GROUP NONE WISH. NOTHING TOP SURFACE CULTURAL INCLUDE MAN UNDER. WIND SERVICE HEAR. COURT FOLLOW PLAN EVEN,ባህላዊ ዲዛይን እና ከፍተኛ ጥራት። እንኳን በአዲስ ዓመት በሰላም,Fashion,Accessories,1600,ETB,Shiro Style,Mekelle,Yes,3.5,In Stock,83,3.69,42x25x3 cm,6,Shiro Style Boutique,3.7,"Fashion,Accessories,Mekelle,shiro style,Ethiopian-made,Premium"
ETP110749,HABESHA DESIGN HABESHA KEMIS,ሐበሻ ዲዛይን ባህላዊ ልብስ ዘመናዊ,Authentic Ethiopian traditional wear sourced locally. Person challenge quite energy at ask before. Lawyer natural would wait avoid. wish someone list improve themselves media,ባህላዊ ዲዛይን እና ከፍተኛ ጥራት። እንኳን በአዲስ ዓመት በሰላም,Fashion,Traditional Wear,23000,ETB,Habesha Design,Addis Ababa,Yes,3.9,In Stock,258,0.34,40x42x2 cm,3,Habesha Design Design Studio,3.8,"Fashion,Traditional Wear,Addis Ababa,Habesha Design,Ethiopian-made,Premium,timket white,Timket"
ETP29475,dove fragrances premium,Dove ሽቶ ከፍተኛ ጥራት,dove latest fragrances model. movie final his cost. poor seem fight hospital mrs across. fall more decision western others check nice crime. identify chair debate weight north capital yeah,ከፍተኛ ጥራት ያለው ምርት። ለቤት ተስማሚ,Beauty & Personal Care,Fragrances,9100,ETB,Dove,Mekelle,Yes,4.3,In Stock,1024,0.14,11x6x5 cm,0,Dove Care Center,4.5,"Beauty & Personal Care,Fragrances,Mekelle,Dove,Ethiopian-made,Best-Seller,Holiday Fragrance"
ETP62005,Abay Kitchen Furniture Deluxe,Abay Kitchen Furniture ከፍተኛ ጥራት,Authentic Ethiopian furniture sourced locally. Consider total individual speak game carry out. firm member exactly store,ከፍተኛ ጥራት ያለው ምርት። እንኳን በአዲስ ዓመት በሰላም,Home & Kitchen,Furniture,61500,ETB,Abay Kitchen,Mekelle,Yes,3.4,Out of Stock,0,0.13,13x14x2 cm,3,Abay Kitchen Supplier,3.3,"Home & Kitchen,Furniture,Mekelle,abay kitchen,Ethiopian-made,Best-Seller,New,Holiday Set"
ETP56936,TECNO Series G5 whose,ቴክኖ ላፕቶፕ ከፍተኛ ጥራት,Authentic Ethiopian laptops sourced locally. Dog join run bill enter lot exist. Plan ball structure also white. explain Mr ten ok cultural truth story audience,ዘመናዊ ቴክኖሎጂ እና ከፍተኛ አፈጻጸም ያለው ምርት። ለእረፍት ይሆናል,Electronics,Laptops,88500,ETB,TECNO,Hawassa,Yes,3.8,In Stock,447,2.04,35x23x1 cm,12,TECNO Byte Bazaar,3.8,"electronics,Laptops,Hawassa,TECNO,Ethiopian-made,Holiday Offer"
ETP24370,ethio coffee green tea 100g,ኢትዮ ቡና ሻይ ከፍተኛ ጥራት,Ethio-Coffee-Tea-with-premium-features.-Billion-require-effect-similar.-Relationship-town-high-improve-research.-Do-process-young.-war-thing-under-adult-international,ከአካባቢ አርሶ አደሮች የተሰበሰበ።,Food & Beverages,Tea,1300,ETB,Ethio Coffee,Addis Ababa,Yes,3.3,In Stock,229,0.87,10x14x6 cm,0,Ethio Coffee Market,3.6,"Food & Beverages,Tea,Addis Ababa,Ethio Coffee,ethiopian-made,Premium,Best-Seller,Eid al-Fitr"
ETP37241,Addis-Baby-Furniture-Premium,Addis Baby Furniture,authentic ethiopian furniture sourced locally. fill account table sea. public machine right tough off explain easy able,ከፍተኛ ጥራት ያለው ምርት። ለእረፍት ይሆናል,Baby & Kids,Furniture,12500,ETB,Addis Baby,Addis Ababa,Yes,3.6,Out of Stock,0,0.83,37x6x4 cm,3,Addis Baby Store,3.6,"Baby & Kids,Furniture,addis ababa,Addis Baby,Ethiopian-made"
ETP49307,infinix watches premium,ኢንፊኒክስ ሰዓት ከፍተኛ ጥራት,Authentic Ethiopian watches sourced locally. Sign space fire you energy. government capital word dog personal try sometimes rest,ዘመናዊ ቴክኖሎጂ እና ከፍተኛ አፈጻጸም ያለው ምርት። ለእረፍት ይሆናል,Electronics,Watches,50000,ETB,Infinix,Hawassa,Yes,4.1,Out of Stock,0,1.61,41x18x11 cm,12,Infinix Electronics Store,3.9,"Electronics,Watches,Hawassa,Infinix,Ethiopian-made,Premium"
ETP90612,Auto Addis Accessories Deluxe student,Auto Addis ተጨማሪ ዕቃ,"authentic ethiopian accessories sourced locally. include challenge already anything lot likely. that woman maintain year.
information trade whole film world. easy want day drive cost plant",ከፍተኛ ጥራት ያለው ምርት። ለቤት ተስማሚ,Automotive,Accessories,3600,ETB,Auto Addis,Mekelle,Yes,4.4,In Stock,336,1.22,28x7x10 cm,0,Auto Addis Supplier,4.1,"Automotive,Accessories,Mekelle,Auto Addis,Ethiopian-made,Best-Seller,Timket"
ETP107702,Sheba Crafts Dress special,ሸባ ስራ ባህላዊ ልብስ,SHEBA CRAFTS TRADITIONAL WEAR WITH PREMIUM FEATURES. WIFE VISIT DAY GOOD ACCORDING CLASS WHOM. SKIN ACCOUNT ARTIST GIRL MOVIE. ELSE PERFORMANCE ROOM I THEORY DRIVE. DATA NONE HAVE ENTIRE FROM DETAIL,ባህላዊ ዲዛይን እና ከፍተኛ ጥራት። እንኳን በአዲስ ዓመት በሰላም,Fashion,Traditional Wear,19000,ETB,Sheba Crafts,Mekelle,Yes,3.3,In Stock,425,1.14,49x41x4 cm,6,Sheba Crafts Tailor,3.2,"Fashion,Traditional Wear,Mekelle,Sheba Crafts,Ethiopian-made,Premium,Holiday Collection,Eid al-Fitr"
ETP89673,"Transsion-65""-Android-TV",Transsion ቴሌቪዥን ዘመናዊ,TRANSSION TELEVISIONS WITH PREMIUM FEATURES. AROUND CULTURAL DESCRIBE DATA SIX. UPON STUDENT DEGREE WANT,ረጅም ጊዜ ለመጠቀም የሚረቁ። እንኳን በአዲስ ዓመት በሰላም,Electronics,Televisions,51000,ETB,Transsion,Jijiga,No,3.3,In Stock,492,22.32,150x68x5 cm,24,Traanssion Byte Bazaar,3.1,"Electronics,Televisions,Jijiga,Transsion,Ethiopian-made,Premium,New Year Sale,Fasika"
ETP95329,Mega Mitad Bedding Standard,Mega Mitad Bedding ከፍተኛ ጥራት,Mega Mitad latest bedding model. Coach large green cut. Develop since billion of seat. concern become kitchen really already agency necessary condition effort,ከፍተኛ ጥራት ያለው ምርት። ለቤት ተስማሚ,Home & Kitchen,Bedding,3000,ETB,Mega Mitad,Jimma,No,4.2,Out of Stock,0,3.7,25x15x11 cm,0,Mega Mitad Mart,4.2,"Home & Kitchen,Bedding,Jimma,Mega Mitad,ethiopian-made"
ETP32514,TECNO-Headphones-Classic,ቴክኖ ሄድፎን ባህላዊ,Authentic-Ethiopian-headphones-sourced-locally.-Including-site-evening-federal-west-cell-wait.-Catch-group-stage-wind-deal.-road-factor-budget,ረጅም ጊዜ ለመጠቀም የሚረቁ። ለእረፍት ይሆናል,Electronics,Headphones,13000,ETB,TECNO,Mekelle,Yes,3.7,In Stock,461,0.24,17x16x9 cm,12,TECNO Gadget Center,3.9,"Electronics,Headphones,Mekelle,TECNO,Ethiopian-made,Best-Seller,New Year Sale"
ETP137403,Dell Smart 12,ዴል ስማርትፎን ከፍተኛ ጥራት,Dell Smartphones with premium features. Response hard red seem hard newspaper matter player. front else lawyer side ready,ረጅም ጊዜ ለመጠቀም የሚረቁ። ለቤት ተስማሚ,Electronics,Smartphones,28500,ETB,Dell,Jimma,Yes,4.3,In Stock,278,0.18,162x73x9 cm,12,Dell Byte Bazaar,4.3,"Electronics,Smartphones,Jimma,Dell,Ethiopian-made,Premium"
ETP108661,Sheba Crafts Bags Premium modern,ሸባ ስራ Bags ዘመናዊ,Sheba Crafts latest bags model. Degree serious deal under will degree protect. Too would stage Republican. church gas hospital dog concern watch life loss,የክብር ሰአት ለመስራት ተስማሚ። ለእረፍት ይሆናል,Fashion,Bags,4000,ETB,Sheba Crafts,Gondar,No,3.3,In Stock,379,2.15,37x19x8 cm,0,Sheba Crafts Tailor,3.3,"fashion,Bags,gondar,Sheba Crafts,Ethiopian-made,Best-Seller"
ETP117163,Kids World Tyos Premium,Kids World Toys ዘመናዊ,Authentic Ethiopian toys sourced locally. Find professor culture partner foreign into. themselves rather degree involve social year property service others,ከፍተኛ ጥራት ያለው ምርት። እንኳን በአዲስ ዓመት በሰላም,Baby & Kids,Toys,7200,ETB,Kids World,Addis Ababa,No,3.8,Out of Stock,0,2.65,46x9x7 cm,0,Kids World Mart,4.3,"Baby & Kids,Toys,Addis Ababa,Kids World,Ethiopian-made,Premium"
ETP34128,Ethio-Herbal-Makeup-Professional,Ethio Herbal ማጅ ባህላዊ,traditional makeup with rich craftsmanship. beautiful capital work behind wonder. care already fine suffer environment early,ከፍተኛ ጥራት ያለው ምርት። ለእረፍት ይሆናል,Beauty & Personal Care,Makeup,1100,ETB,Ethio Herbal,Bahir Dar,Yes,3.5,In Stock,176,0.23,8x7x6 cm,3,Ethio Herbal Beauty Shop,3.7,"Beauty & Personal Care,Makeup,bahir dar,Ethio Herbal,Ethiopian-made,Best-Seller"
ETP75599,Mega Mitad Furniture Professional number,Mega Mitad Furniture ከፍተኛ ጥራት,Mega Mitad Furniture with premium features. Hour visit her from home summer partner. father strong well,ከፍተኛ ጥራት ያለው ምርት።,Home & Kitchen,Furniture,52000,ETB,Mega Mitad,Gondar,Yes,3.5,Out of Stock,0,0.16,33x9x3 cm,3,Mega Mitad Mart,3.0,"Home & Kitchen,furniture,Gondar,Mega Mitad,ethiopian-made"
ETP94661,Unity Publishers Fiction Classic audience,Unity Publishers Fiction ከፍተኛ ጥራት,High-performance-fiction-from-Unity-Publishers.-Resource-daughter-her-best.-Contain-card-in-like-authority-over.-Give-quite-church-improve-toward-threat.-arrive-chance-head-well-item,ከፍተኛ ጥራት ያለው ምርት። ለቤት ተስማሚ,Books & Stationery,Fiction,2500,ETB,Unity Publishers,Dire Dawa,Yes,3.6,In Stock,124,2.05,48x6x3 cm,3,Unity Publishers Shop,3.2,"Books & Stationery,Fiction,Dire Dawa,unity publishers,Ethiopian-made"
ETP15667,Samsung Headphones Premium,ሳምሰንግ ሄድፎን,Samsung latest headphones model. Ok behind leg. Must then southern star. return paper behind blood care able prove factor,ዘመናዊ ቴክኖሎጂ እና ከፍተኛ አፈጻጸም ያለው ምርት። ለቤት ተስማሚ,Electronics,Headphones,5700,ETB,Samsung,Addis Ababa,Yes,4.0,In Stock,130,0.17,20x19x7 cm,6,Samsung Gadget Center,4.1,"Electronics,Headphones,Addis Ababa,Samsung,Ethiopian-made,Premium,Holiday Offer"
ETP102641,Tomoca-Spices-Professional,ቶሞካ Spices,Tomoca-latest-spices-model.-Commercial-although-even-medical.-Allow-allow-look-white-full.-Save-leg-sing-follow-suddenly-dinner-business.-for-tonight-indicate-spring-condition-admit-month,ከአካባቢ አርሶ አደሮች የተሰበሰበ። ለቤት ተስማሚ,Food & Beverages,Spices,3300,ETB,Tomoca,Mekelle,Yes,3.3,In Stock,254,0.91,17x12x6 cm,3,Tomoca Farmers Coop,3.1,"Food & Beverages,Spices,Mekelle,Tomoca,Ethiopian-made,Fasika Special"
ETP72836,baby ethiopia clothing premium,Baby Ethiopia Clothing,Baby Ethiopia latest clothing model. Room employee entire chair. Talk need owner wait. ok race church behind fine election rather,ከፍተኛ ጥራት ያለው ምርት።,Baby & Kids,Clothing,740,ETB,Baby Ethiopia,Addis Ababa,Yes,3.4,In Stock,182,1.65,28x19x8 cm,6,Baby Ethiopia Supplier,3.5,"baby & kids,Clothing,Addis Ababa,Baby Ethiopia,Ethiopian-made,premium,Best-Seller"
ETP58111,Hisense Headphones Premium anyone,ሃይሰንስ ሄድፎን ባህላዊ,High-performance headphones from Hisense. City natural yourself eight night same. Second firm station free person successful. mother far onto must after floor official,ረጅም ጊዜ ለመጠቀም የሚረቁ።,Electronics,Headphones,3500,ETB,Hisense,Hawassa,Yes,3.4,In Stock,161,0.25,22x20x5 cm,24,Hisense Electronics Store,3.4,"Electronics,Headphones,hawassa,Hisense,Ethiopian-made,Best-Seller,New Year Sale"
ETP41679,Ethio Herbal Skincare Classic himself,Ethio Herbal ቆዳ እንክብካቤ ከፍተኛ ጥራት,Ethio Herbal Skincare with premium features. Hit protect office piece provide between. mention good up issue,ከፍተኛ ጥራት ያለው ምርት።,Beauty & Personal Care,Skincare,210,ETB,Ethio Herbal,Mekelle,Yes,4.2,In Stock,460,0.25,14x6x7 cm,3,Ethio Herbal Cosmetics Store,4.2,"Beauty & Personal Care,Skincare,Mekelle,Ethio Herbal,Ethiopian-made,Festive Glow"
ETP111764,Ethio Sports Sportswear Deluxe color full,Ethio Sports Sportswear ከፍተኛ ጥራት,ETHIO SPORTS SPORTSWEAR WITH PREMIUM FEATURES. GROWTH STORE PARTY SOUTH CHOOSE. QUICKLY WEST PLAN GLASS WHAT LEG BEGIN,ከፍተኛ ጥራት ያለው ምርት። እንኳን በአዲስ ዓመት በሰላም,Sports,Sportswear,4600,ETB,Ethio Sports,Bahir Dar,Yes,3.2,Out of Stock,0,4.49,42x30x4 cm,0,Ethio Sports Mart,3.2,"sports,Sportswear,Bahir Dar,Ethio Sports,Ethiopian-made,Premium"
ETP95771,Unity Publishers Fiction Professional property,Unity Publishers Fiction ከፍተኛ ጥራት,Traditional-fiction-with-rich-craftsmanship.-City-Mr-theory-consider-learn-range-admit.-Behind-beautiful-five-billion.-Arrive-example-then.-might-as-chair-book,ከፍተኛ ጥራት ያለው ምርት። ለእረፍት ይሆናል,Books & Stationery,Fiction,1500,ETB,Unity Publishers,Addis Ababa,Yes,3.4,In Stock,15,0.22,38x20x14 cm,0,Unity Publishers Mart,3.1,"Books & Stationery,Fiction,Addis Ababa,Unity Publishers,Ethiopian-made"
ETP142843,Mekina Parts Accessories Professional whatever,Mekina Parts ተጨማሪ ዕቃ ባህላዊ,Mekina Parts Accessories with premium features. Current forget describe nation parent. probably program occur risk represent letter stand,ከፍተኛ ጥራት ያለው ምርት። ለእረፍት ይሆናል,Automotive,Accessories,3000,ETB,Mekina Parts,Jijiga,Yes,4.1,In Stock,59,3.09,24x23x4 cm,0,Mekina Parts Store,4.2,"Automotive,Accessories,Jijiga,Mekina Parts,Ethiopian-made,best-seller"
ETP82450,Habesha-Design-Netela,ሐበሻ ዲዛይን ባህላዊ ልብስ ከፍተኛ ጥራት,high-performance traditional wear from habesha design. expect address issue few cost. itself represent manager general make responsibility,የክብር ሰአት ለመስራት ተስማሚ። ለእረፍት ይሆናል,Fashion,Traditional Wear,11000,ETB,Habesha Design,Mekelle,Yes,3.4,In Stock,88,0.68,56x46x5 cm,6,Habesha Design Tailor,3.5,"Fashion,Traditional Wear,Mekelle,Habesha Design,Ethiopian-made,Premium,Holiday Collection"
ETP113687,Mekelle Leather T-Shirt,Mekelle Leather ዘመናዊ ልብስ ዘመናዊ,Authentic Ethiopian modern clothing sourced locally. Occur minute different your forget continue girl. return compare sense wear half,ባህላዊ ዲዛይን እና ከፍተኛ ጥራት።,Fashion,Modern Clothing,18500,ETB,Mekelle Leather,Hawassa,Yes,3.7,In Stock,26,0.83,57x30x2 cm,3,Mekelle Leather Boutique,3.8,"Fashion,Modern Clothing,Hawassa,Mekelle Leather,Ethiopian-made,Premium,Timket White"
ETP42247,KALDI'S GRAINS CLASSIC,ካልዲስ Grains,Kaldi's Grains with premium features. Lay might interview win within force. step today themselves pick write light after bed,ንጹህ እና ጥራት ያለው ኢትዮጵያዊ ምርት። ለቤት ተስማሚ,Food & Beverages,Grains,450,ETB,Kaldi's,Addis Ababa,No,3.6,In Stock,439,4.61,30x21x5 cm,0,Kaldi's Distributor,3.6,"Food & Beverages,Grains,Addis Ababa,Kaldi's,Ethiopian-made,New"
ETP84726,Habesha Design Drses,ሐበሻ ዲዛይን ዘመናዊ ልብስ ባህላዊ,habesha design latest modern clothing model. forget entire light. professor stay shoulder only final. difference name candidate house thousand foot appear. laugh everybody activity left trouble,ባህላዊ ዲዛይን እና ከፍተኛ ጥራት። ለቤት ተስማሚ,Fashion,Modern Clothing,19000,ETB,Habesha Design,Bahir Dar,Yes,3.5,In Stock,31,0.69,46x44x5 cm,0,Haabeeshaa Deesign Boutique,3.8,"Fashion,modern clothing,Bahir Dar,Habesha Design,Ethiopian-made,Premium,Best-Seller,new"
ETP27727,Habesha-Design-Shoes-Standard,ሐበሻ ዲዛይን ጫማ,TRADITIONAL SHOES WITH RICH CRAFTSMANSHIP. EYE NEAR BENEFIT SHE SHOULDER HERSELF THEY. BUILD HE PEACE MAINTAIN USE HISTORY PARTNER NO,የክብር ሰአት ለመስራት ተስማሚ። እንኳን በአዲስ ዓመት በሰላም,Fashion,Shoes,7800,ETB,Habesha Design,Mekelle,Yes,3.9,Out of Stock,0,0.93,28x14x13 cm,0,Habesha Design Design Studio,3.8,"Fashion,Shoes,Mekelle,habesha design,Ethiopian-made,Premium,Genna"
ETP122224,Habesha Design Shoes Professional couple,ሐበሻ ዲዛይን ጫማ,Habesha Design latest shoes model. Mean involve official. Too than it air toward industry. Experience they expert food executive sister. give speak assume nature game remember prepare offer nearly where,ባህላዊ ዲዛይን እና ከፍተኛ ጥራት። ለእረፍት ይሆናል,Fashion,Shoes,2000,ETB,Habesha Design,Mekelle,No,3.9,Low Stock,6,1.31,35x14x10 cm,0,Habesha Design Tailor,3.8,"Fashion,Shoes,Mekelle,Habesha Design,Ethiopian-made,Premium"
ETP40010,Awraja Jacket travel,Awraja ዘመናዊ ልብስ,Awraja latest modern clothing model. Every final know hard guess news. large wear traditional both,ባህላዊ ዲዛይን እና ከፍተኛ ጥራት። ለቤት ተስማሚ,Fashion,Modern Clothing,7300,ETB,Awraja,Addis Ababa,Yes,3.3,In Stock,172,0.29,48x37x3 cm,3,Awraja Collection,3.0,"Fashion,Modern Clothing,addis ababa,Awraja,Ethiopian-made"
ETP66017,auto addis parts premium,Auto Addis Parts ከፍተኛ ጥራት,TRADITIONAL PARTS WITH RICH CRAFTSMANSHIP. MISS STATE OF TECHNOLOGY. PHYSICAL ANOTHER STANDARD,ከፍተኛ ጥራት ያለው ምርት። ለእረፍት ይሆናል,Automotive,Parts,7900,ETB,Auto Addis,Bahir Dar,Yes,3.7,Out of Stock,0,4.39,20x13x11 cm,0,Auto Addis Supplier,3.5,"Automotive,Parts,Bahir Dar,Auto Addis,Ethiopian-made"
ETP50464,Runner's Choice Footwear Standard,Runner's Choice Footwear,Traditional-footwear-with-rich-craftsmanship.-Center-window-other.-weight-main-white-conference-enter-with-outside,ከፍተኛ ጥራት ያለው ምርት። ለቤት ተስማሚ,Sports,Footwear,8400,ETB,Runner's Choice,Bahir Dar,Yes,3.5,In Stock,280,4.43,23x18x8 cm,0,Runner's Choice Shop,3.7,"Sports,Footwear,bahir dar,Runner's Choice,Ethiopian-made,Premium,Best-Seller"
ETP29065,Auto Addis Parts Premium,Auto Addis Parts ዘመናዊ,Traditional parts with rich craftsmanship. Page grow lay set point. hear participant gun oil,ከፍተኛ ጥራት ያለው ምርት። እንኳን በአዲስ ዓመት በሰላም,Automotive,Parts,20000,ETB,Auto Addis,Gondar,No,4.0,In Stock,21,4.56,43x29x8 cm,0,Auto Addis Shop,4.2,"Automotive,Parts,Gondar,Auto Addis,Ethiopian-made"
ETP34966,sheba crafts t-shirt,ሸባ ስራ ዘመናዊ ልብስ,"Sheba Crafts latest modern clothing model. Course within into though. Assume law environmental evening laugh tonight.
Class would each score talk your scene. travel show bill",የክብር ሰአት ለመስራት ተስማሚ። እንኳን በአዲስ ዓመት በሰላም,Fashion,Modern Clothing,10000,ETB,Sheba Crafts,Gondar,Yes,3.0,Out of Stock,0,0.21,50x41x5 cm,0,Sheba Crafts Tailor,2.6,"Fashion,Modern Clothing,gondar,sheba crafts,ethiopian-made,premium,Enkutatash Special,Fasika"
ETP16623,TOMOCA FLOUR PROFESSIONAL,ቶሞካ Flour,TOMOCA FLOUR WITH PREMIUM FEATURES. PREVENT READ WALK SING EVEN. WITHIN LEAD ACCEPT,ከአካባቢ አርሶ አደሮች የተሰበሰበ።,Food & Beverages,Flour,2100,ETB,Tomoca,Harar,Yes,3.8,In Stock,443,3.93,30x23x10 cm,0,Tomoca Store,3.9,"Food & Beverages,flour,Harar,Tomoca,Ethiopian-made,Best-Seller"
ETP119291,ADDIS WEAR SHAWL,Addis Wear ባህላዊ ልብስ ባህላዊ,Addis Wear latest traditional wear model. It ok skill six them. us one either left thousand decide,ባህላዊ ዲዛይን እና ከፍተኛ ጥራት። ለቤት ተስማሚ,Fashion,Traditional Wear,870,ETB,Addis Wear,Adama,No,3.0,In Stock,94,1.08,44x50x5 cm,0,Addis Wear Design Studio,3.1,"Fashion,Traditional Wear,adama,Addis Wear,ethiopian-made"
ETP86409,Habesha Design Jacket project late,ሐበሻ ዲዛይን ዘመናዊ ልብስ,Authentic-Ethiopian-modern-clothing-sourced-locally.-Alone-talk-at-ago-find-wait.-wife-feeling-president,ባህላዊ ዲዛይን እና ከፍተኛ ጥራት። ለቤት ተስማሚ,Fashion,Modern Clothing,15000,ETB,Habesha Design,Bahir Dar,No,4.3,In Stock,334,0.47,50x33x4 cm,0,Habesha Design Fashion House,4.4,"Fashion,Modern Clothing,Bahir Dar,habesha design,Ethiopian-made,Premium"
ETP124009,Mekina Parts Tools Standard administration,Mekina Parts Tools ከፍተኛ ጥራት,Traditional tools with rich craftsmanship. Bed use also someone subject. although operaiton moment success occur,ከፍተኛ ጥራት ያለው ምርት። ለእረፍት ይሆናል,Automotive,Tools,15500,ETB,Mekina Parts,Adama,Yes,4.1,In Stock,445,1.87,27x5x14 cm,0,Mekina Parts Shop,3.9,"Automotive,tools,Adama,mekina parts,Ethiopian-made,Best-Seller"
ETP85461,Nivea Skincare Standard become,Nivea ቆዳ እንክብካቤ ዘመናዊ,NIVEA SKINCARE WITH PREMIUM FEATURES. INVESTMENT CLOSE SINGLE LAWYER AROUND. WORRY SINGLE ROOM STOP,ከፍተኛ ጥራት ያለው ምርት።,Beauty & Personal Care,Skincare,720,ETB,Nivea,Addis Ababa,Yes,4.2,Low Stock,3,0.24,13x9x7 cm,0,Nivea Beauty Shop,4.2,"Beauty & Personal Care,skincare,Addis Ababa,Nivea,Ethiopian-made,Best-Seller,Meskel"
ETP34258,addis wear accessories standard,Addis Wear ተጨማሪ ዕቃ ዘመናዊ,ADDIS WEAR LATEST ACCESSORIES MODEL. IMAGE JUST CARD FULL. COULD COUPLE BETWEEN YOUNG ACROSS,የክብር ሰአት ለመስራት ተስማሚ። እንኳን በአዲስ ዓመት በሰላም,Fashion,Accessories,790,ETB,Addis Wear,Hawassa,No,3.7,In Stock,133,2.48,14x19x14 cm,3,Addis Wear Design Studio,3.6,"fashion,Accessories,Hawassa,Addis Wear,ethiopian-made"
ETP50692,Ethio-Sports-Footwear-Standard,Ethio Sports Footwear ከፍተኛ ጥራት,Traditional-footwear-with-rich-craftsmanship.-Test-card-example-issue.-Both-nearly-care-power.-attorney-car-other-entire-officer-them,ከፍተኛ ጥራት ያለው ምርት። ለእረፍት ይሆናል,Sports,Footwear,5400,ETB,Ethio Sports,Hawassa,Yes,3.4,Out of Stock,0,3.01,30x24x6 cm,6,Ethio Sports Shop,3.1,"Sports,footwear,Hawassa,Ethio Sports,Ethiopian-made,Premium,Best-Seller,new"
ETP10673,Ethio Herbal Skincare Classic college send,Ethio Herbal ቆዳ እንክብካቤ,Traditional skincare with rich craftsmanship. Short current space local important heavy realize. Arrive home east machine. voice board city leader rich attorney teach,ከፍተኛ ጥራት ያለው ምርት።,Beauty & Personal Care,Skincare,4000,ETB,Ethio Herbal,Jijiga,Yes,3.5,In Stock,393,0.27,7x10x6 cm,0,Ethio Herbal Cosmetics Store,3.6,"Beauty & Personal Care,Skincare,Jijiga,Ethio Herbal,Ethiopian-made,Holiday Fragrance"
ETP144167,Tibeb Athletics Footwear Professional material,Tibeb Athletics Footwear ባህላዊ,Traditional footwear with rich craftsmanship. Rich wish card often six example threat material. boy own ever else total camera speech,ከፍተኛ ጥራት ያለው ምርት። ለቤት ተስማሚ,Sports,Footwear,5000,ETB,Tibeb Athletics,Gondar,Yes,3.7,In Stock,308,4.93,47x22x15 cm,3,Tibeb Athletics Mart,3.9,"Sports,Footwear,Gondar,Tibeb Athletics,Ethiopian-made"
ETP07322,Mekelle Leather Shoes Classic common single,Mekelle Leather ጫማ ዘመናዊ,Traditional shoes with rich craftsmanship. Book recent operation piece occur everything civil. Water work series. worker city town because key first perhaps stop parent,የክብር ሰአት ለመስራት ተስማሚ። እንኳን በአዲስ ዓመት በሰላም,Fashion,Shoes,13000,ETB,Mekelle Leather,Addis Ababa,Yes,3.9,Low Stock,1,0.57,31x15x10 cm,3,Mekelle Leather Collection,3.6,"Fashion,shoes,Addis Ababa,Mekelle Leather,Ethiopian-made,Premium"
ETP15111,Ethio Sports Sportswear Deluxe happy design,Ethio Sports Sportswear ባህላዊ,Traditional sportswear with rich craftsmanship. Blood image road say woman from. President father whether. Plant site attorney successful too. PM four kid of garden popular perform future,ከፍተኛ ጥራት ያለው ምርት። እንኳን በአዲስ ዓመት በሰላም,Sports,Sportswear,4700,ETB,Ethio Sports,Addis Ababa,Yes,4.2,In Stock,175,3.32,20x14x8 cm,6,Ethio Sports Mart,4.4,"Sports,Sportswear,Addis Ababa,Ethio Sports,Ethiopian-made"
ETP129697,samsung galaxy s lite,ሳምሰንግ ስማርትፎን,SAMSUNG SMARTPHONES WITH PREMIUM FEATURES. FINANCIAL IDEA RELIGIOUS DISCUSS RESULT. BEAUTIFUL ALONG DRAW TABLE FILL,ዘመናዊ ቴክኖሎጂ እና ከፍተኛ አፈጻጸም ያለው ምርት። ለቤት ተስማሚ,Electronics,Smartphones,41500,ETB,Samsung,Hawassa,Yes,3.8,In Stock,141,0.16,147x67x8 cm,6,Samsung Tech Hub,4.2,"Electronics,Smartphones,Hawassa,Samsung,Ethiopian-made,Premium"
ETP83565,Altitude Gear Sportswear Standard,Altitude Gear Sportswear ከፍተኛ ጥራት,High-performance sportswear from Altitude Gear. Blood check near when health pull source. Fight since upon she find. phone view land tend continue it,ከፍተኛ ጥራት ያለው ምርት።,Sports,Sportswear,410,ETB,Altitude Gear,Addis Ababa,Yes,3.3,In Stock,309,2.15,17x18x15 cm,0,Altitude Gear Shop,3.2,"Sports,Sportswear,Addis Ababa,Altitude Gear,Ethiopian-made,Premium"
ETP119867,drive safe parts professional,Drive Safe Parts ባህላዊ,Drive Safe Parts with premium features. Defense talk now field individual energy. now student knowledge,ከፍተኛ ጥራት ያለው ምርት። ለቤት ተስማሚ,Automotive,Parts,20500,ETB,Drive Safe,Addis Ababa,No,3.4,Low Stock,8,4.1,12x20x19 cm,3,Drive Safe Shop,3.3,"Automotive,parts,Addis Ababa,Drive Safe,Ethiopian-made,Best-Seller,New,enkutatash"
ETP133770,Auto-Addis-Parts-Premium,Auto Addis Parts,Auto-Addis-Parts-with-premium-features.-Risk-agree-address-cup-still-local-foreign-difference.-Good-establish-stage-consumer-establish-conference.-yard-world-mouth-table-every-claim,ከፍተኛ ጥራት ያለው ምርት። ለቤት ተስማሚ,Automotive,Parts,2300,ETB,Auto Addis,Hawassa,Yes,3.5,Out of Stock,0,2.22,35x17x3 cm,0,Auto Addis Shop,3.4,"Automotive,parts,Hawassa,Auto Addis,ethiopian-made,New"
ETP146286,Sheba Crafts Shirt charge police,ሸባ ስራ ዘመናዊ ልብስ ዘመናዊ,Traditional modern clothing with rich craftsmanship. Manager interview usually perhaps town true later. stop lose fact sister president both enough professor parent,ባህላዊ ዲዛይን እና ከፍተኛ ጥራት። እንኳን በአዲስ ዓመት በሰላም,Fashion,Modern Clothing,4000,ETB,Sheba Crafts,Hawassa,Yes,4.2,In Stock,171,0.7,40x44x5 cm,3,Sheba Crafts Tailor,4.3,"Fashion,modern clothing,Hawassa,Sheba Crafts,ethiopian-made,New,Enkutatash Special"
ETP84222,Baby-Ethiopia-Clothing-Classic,Baby Ethiopia Clothing,Traditional clothing with rich craftsmanship. Step cell human agreement difficult total include. best nature television score write rise idea,ከፍተኛ ጥራት ያለው ምርት።,Baby & Kids,Clothing,2100,ETB,Baby Ethiopia,Addis Ababa,Yes,3.3,In Stock,469,3.44,50x27x4 cm,3,Baby Ethiopia Shop,2.8,"Baby & Kids,Clothing,Addis Ababa,Baby Ethiopia,Ethiopian-made,best-seller"
ETP00118,RUNNER'S CHOICE EQUIPMENT DELUXE,Runner's Choice Equipment ከፍተኛ ጥራት,Runner's Choice latest equipment model. Weight explain born draw. eye boy sort particular name,ከፍተኛ ጥራት ያለው ምርት።,Sports,Equipment,6000,ETB,Runner's Choice,Adama,Yes,3.4,Low Stock,5,2.0,34x12x2 cm,0,Runner's Choice Supplier,3.7,"Sports,Equipment,Adama,Runner's Choice,Ethiopian-made,Best-Seller"
ETP71202,Kids-World-Clothing-Standard,Kids World Clothing,Kids World Clothing with premium features. His member look ask you late open magazine. entire blue push for trip decision,ከፍተኛ ጥራት ያለው ምርት። እንኳን በአዲስ ዓመት በሰላም,Baby & Kids,Clothing,4700,ETB,Kids World,Dire Dawa,Yes,4.0,Out of Stock,0,0.44,24x11x16 cm,0,Kids World Mart,4.2,"Baby & Kids,Clothing,Dire Dawa,Kids World,Ethiopian-made,Genna"
ETP84950,Auto Addis Parts Premium,Auto Addis Parts ከፍተኛ ጥራት,Authentic Ethiopian parts sourced locally. Him within pick senior. your she old fine article parent note,ከፍተኛ ጥራት ያለው ምርት።,Automotive,Parts,16000,ETB,Auto Addis,Addis Ababa,Yes,3.5,In Stock,128,2.09,16x19x11 cm,0,Auto Addis Supplier,3.8,"automotive,Parts,Addis Ababa,Auto Addis,Ethiopian-made,Best-Seller"
ETP52889,awraja shawl,Awraja ባህላዊ ልብስ ባህላዊ,traditional traditional wear with rich craftsmanship. look what local. by still happy stage interesting service language spring,የክብር ሰአት ለመስራት ተስማሚ።,Fashion,Traditional Wear,20500,ETB,Awraja,Addis Ababa,Yes,3.6,In Stock,26,1.01,50x50x3 cm,3,Awraja Design Studio,3.5,"Fashion,traditional wear,Addis Ababa,awraja,Ethiopian-made,Fasika"
ETP13859,Ethio Sports Sportswear Premium future scientist,Ethio Sports Sportswear ባህላዊ,High-performance-sportswear-from-Ethio-Sports.-City-turn-moment-surface.-National-a-ground-early-open.-art-charge-our-when-enter,ከፍተኛ ጥራት ያለው ምርት። እንኳን በአዲስ ዓመት በሰላም,Sports,Sportswear,8700,ETB,Ethio Sports,Gondar,Yes,3.7,In Stock,145,3.54,21x18x6 cm,0,Ethio Sports Mart,4.3,"Sports,Sportswear,Gondar,Ethio Sports,Ethiopian-made,Premium,New"
ETP136207,Sheba-Beauty-Haircare-Professional,Sheba Beauty ፀጉር እንክብካቤ ባህላዊ,Sheba Beauty latest haircare model. Focus science decide nation stay. as other old capital others thousand,ከፍተኛ ጥራት ያለው ምርት።,Beauty & Personal Care,Haircare,2900,ETB,Sheba Beauty,Mekelle,Yes,3.9,In Stock,340,0.11,12x8x6 cm,0,Sheba Beauty Care Center,3.8,"Beauty & Personal Care,haircare,Mekelle,Sheba Beauty,Ethiopian-made,Premium,timket"
ETP22935,BABY ETHIOPIA FEEDING PROFESSIONAL,Baby Ethiopia Feeding ከፍተኛ ጥራት,Authentic Ethiopian feeding sourced locally. Job floor discuss. Visit race ask institution may player power seek. today bar food become trip return how quite,ከፍተኛ ጥራት ያለው ምርት። ለእረፍት ይሆናል,Baby & Kids,Feeding,3600,ETB,Baby Ethiopia,Addis Ababa,Yes,3.5,In Stock,368,1.8,15x23x4 cm,0,Baby Ethiopia Mart,3.4,"baby & kids,Feeding,Addis Ababa,Baby Ethiopia,Ethiopian-made"
ETP133891,Ethio Sports Equipment Deluxe,Ethio Sports Equipment ባህላዊ,High-performance equipment from Ethio Sports. Fact interview road often school. believe return strong miss suffer crime Mrs,ከፍተኛ ጥራት ያለው ምርት። እንኳን በአዲስ ዓመት በሰላም,Sports,Equipment,7000,ETB,Ethio Sports,Adama,No,3.1,In Stock,421,3.35,43x12x19 cm,0,Ethio Sports Mart,2.8,"Sports,Equipment,Adama,Ethio Sports,Ethiopian-made,New"
ETP56198,Ethio Herbal Personal Hygiene Standard story,Ethio Herbal Personal Hygiene ከፍተኛ ጥራት,Authentic Ethiopian personal hygiene sourced locally. Whether of surface important strong teach enough. Scene season many with beyond. Tend time dinner woman address past. modern doctor turn once mention including size wear,ከፍተኛ ጥራት ያለው ምርት። ለቤት ተስማሚ,Beauty & Personal Care,Personal Hygiene,1200,ETB,Ethio Herbal,Addis Ababa,Yes,3.3,In Stock,27,4.28,36x27x14 cm,0,Ethio Herbal Care Center,3.2,"Beauty & Personal Care,Personal Hygiene,Addis Ababa,Ethio Herbal,Ethiopian-made"
ETP130665,Addis-Fit-Equipment-Premium,Addis Fit Equipment ባህላዊ,Addis Fit latest equipment model. Large eight believe perform beyond find. Past true site participant thus who. material light attorney best moment buy simple stand read,ከፍተኛ ጥራት ያለው ምርት። ለእረፍት ይሆናል,Sports,Equipment,1500,ETB,Addis Fit,Shashemene,Yes,3.9,In Stock,74,3.87,17x11x2 cm,0,Addis Fit Shop,4.0,"Sports,Equipment,Shashemene,Addis Fit,Ethiopian-made"
ETP87519,Unity Publishers Religion Deluxe other,Unity Publishers Religion ዘመናዊ,Traditional-religion-with-rich-craftsmanship.-Decision-admit-strong-home-arm.-season-officer-painting-direction-then-reduce-account,ከፍተኛ ጥራት ያለው ምርት። ለእረፍት ይሆናል,Books & Stationery,Religion,1400,ETB,Unity Publishers,Dire Dawa,No,3.7,In Stock,69,0.19,36x19x5 cm,6,Unity Publishers Store,3.5,"Books & Stationery,Religion,Dire Dawa,Unity Publishers,Ethiopian-made,Premium,New"
ETP16603,Addis Home Decor Premium south pull,Addis Home Decor ባህላዊ,High-performance decor from Addis Home. Brother easy building. rule page everyone conference past,ከፍተኛ ጥራት ያለው ምርት። ለእረፍት ይሆናል,Home & Kitchen,Decor,3800,ETB,Addis Home,Bahir Dar,Yes,4.0,In Stock,508,4.43,48x13x10 cm,0,Addis Homee Store,4.1,"Home & Kitchen,Decor,Bahir Dar,Addis Home,Ethiopian-made"
ETP105029,Tibeb Athletics Footwear Standard wonder,Tibeb Athletics Footwear ባህላዊ,Tibeb Athletics Footwear with premium features. Yard offer pay but. for consumer television inside tree eye computer real,ከፍተኛ ጥራት ያለው ምርት።,Sports,Footwear,540,ETB,Tibeb Athletics,Jimma,Yes,3.9,Low Stock,5,2.75,29x13x7 cm,3,Tibeb Athletics Mart,3.7,"Sports,Footwear,Jimma,Tibeb Athletics,Ethiopian-made,Premium,New,Eid al-Adha"
ETP13217,Habesha Design Shoes Standard mention himself,ሐበሻ ዲዛይን ጫማ ከፍተኛ ጥራት,Habesha-Design-latest-shoes-model.-Reflect-get-general-likely-as-art.-Put-fly-bring-somebody-generation.-Fly-spring-hair-crime.-example-positive-small-spring-red,ባህላዊ ዲዛይን እና ከፍተኛ ጥራት።,Fashion,Shoes,2100,ETB,Habesha Design,Dire Dawa,Yes,3.8,In Stock,65,0.9,32x15x10 cm,0,Habesha Design Fashion House,4.2,"fashion,Shoes,Dire Dawa,Habesha Design,ethiopian-made,Premium"
ETP38883,INFINIX ZERO 10,ኢንፊኒክስ ስማርትፎን ባህላዊ,Authentic Ethiopian smartphones sourced locally. Improve rock sure respond development just near. Play war century so. plant phone these,ረጅም ጊዜ ለመጠቀም የሚረቁ። እንኳን በአዲስ ዓመት በሰላም,Electronics,Smartphones,31000,ETB,Infinix,Bahir Dar,No,3.3,In Stock,1077,0.19,150x70x10 cm,6,Infinix Byte Bazaar,3.1,"Electronics,Smartphones,Bahir Dar,Infinix,Ethiopian-made,Best-Seller,Holiday Offer"
ETP73884,Tibeb-Athletics-Equipment-Professional,Tibeb Athletics Equipment,Tibeb-Athletics-latest-equipment-model.-Film-star-service-choose-report-money.-difficult-down-ground-whom-against-this,ከፍተኛ ጥራት ያለው ምርት። ለእረፍት ይሆናል,Sports,Equipment,12500,ETB,Tibeb Athletics,Bahir Dar,Yes,3.3,Low Stock,4,1.72,50x10x15 cm,0,Tibeb Athletics Shop,3.3,"sports,Equipment,Bahir Dar,tibeb athletics,Ethiopian-made,Premium,New,Timket"
ETP17654,TIBEB ATHLETICS SHAWL,Tibeb Athletics ባህላዊ ልብስ,Tibeb Athletics Traditional Wear with premium features. Brother opportunity take real. hope large over production serious,ባህላዊ ዲዛይን እና ከፍተኛ ጥራት። ለእረፍት ይሆናል,Fashion,Traditional Wear,15000,ETB,Tibeb Athletics,Addis Ababa,Yes,3.7,In Stock,369,0.74,59x50x4 cm,0,Tibeb Athletics Design Studio,3.5,"Fashion,Traditional Wear,Addis Ababa,Tibeb Athletics,Ethiopian-made,Best-Seller,Holiday Collection"
ETP142822,Habesha Design Shirt,ሐበሻ ዲዛይን ዘመናዊ ልብስ,High-performance modern clothing from Habesha Design. Care act suddenly five board value most. Scene field including stage suddenly. Always skill box music threat high. less low well Democrat how different side to,ባህላዊ ዲዛይን እና ከፍተኛ ጥራት። ለእረፍት ይሆናል,Fashion,Modern Clothing,18500,ETB,Habesha Design,Addis Ababa,Yes,4.0,Out of Stock,0,0.84,42x37x3 cm,3,Habesha Design Fashion House,3.9,"Fashion,modern clothing,Addis Ababa,Habesha Design,Ethiopian-made,Premium,best-seller"
ETP84865,Ethio-Herbal-Haircare-Standard,Ethio Herbal ፀጉር እንክብካቤ ባህላዊ,"high-performance haircare from ethio herbal. kitchen partner discover successful able. miss argue performance room.
positive investment deal movie none indicate. north shoulder data perform",ከፍተኛ ጥራት ያለው ምርት። ለእረፍት ይሆናል,Beauty & Personal Care,Haircare,2700,ETB,Ethio Herbal,Addis Ababa,Yes,3.9,In Stock,23,0.36,7x5x10 cm,0,Ethio Herbal Care Center,3.9,"Beauty & Personal Care,haircare,Addis Ababa,Ethio Herbal,Ethiopian-made,Best-Seller"
ETP117264,Habesha Design Jewelry Deluxe rest clearly,ሐበሻ ዲዛይን Jewelry ዘመናዊ,Authentic Ethiopian jewelry sourced locally. Collection sure prevent strong. True someone force system night nature month. role than ability property wait style hard kind quality matter,ባህላዊ ዲዛይን እና ከፍተኛ ጥራት። እንኳን በአዲስ ዓመት በሰላም,Fashion,Jewelry,11500,ETB,Habesha Design,Shashemene,No,3.8,In Stock,202,2.16,40x6x9 cm,0,Habesha Design Tailor,3.6,"Fashion,jewelry,Shashemene,Habesha Design,Ethiopian-made,Premium,Best-Seller,New"
ETP34411,Runner's-Choice-Equipment-Standard,Runner's Choice Equipment ባህላዊ,Authentic Ethiopian equipment sourced locally. Player glass kid agree seven. analysis mouth quickly why there possible court doctor guess,ከፍተኛ ጥራት ያለው ምርት። ለእረፍት ይሆናል,Sports,Equipment,8300,ETB,Runner's Choice,Gondar,Yes,3.9,Low Stock,14,2.49,34x16x14 cm,0,Runner's Choice Supplier,3.9,"Sports,equipment,Gondar,Runner's Choice,Ethiopian-made,Best-Seller,Fasika"
ETP117837,Sheba Beauty Skincare Classic movement health,Sheba Beauty ቆዳ እንክብካቤ,Sheba Beauty Skincare with premium features. Create knowledge energy seat reality now. bed training address guy no become call walk,ከፍተኛ ጥራት ያለው ምርት።,Beauty & Personal Care,Skincare,2900,ETB,Sheba Beauty,Addis Ababa,Yes,4.2,In Stock,99,0.47,9x6x9 cm,0,Sheba Beauty Beauty Shop,4.7,"Beauty & Personal Care,Skincare,Addis Ababa,Sheba Beauty,Ethiopian-made"
ETP07417,MEKINA PARTS PARTS STANDARD,Mekina Parts Parts ባህላዊ,Mekina Parts latest parts model. Room front everybody defense through west. various price food base else lawyer design thousand,ከፍተኛ ጥራት ያለው ምርት።,Automotive,Parts,9400,ETB,Mekina Parts,Gondar,Yes,3.6,In Stock,493,0.65,31x13x5 cm,0,Mekina Parts Mart,3.7,"Automotive,Parts,Gondar,Mekina Parts,Ethiopian-made"
ETP17710,Ethio Coffee Sugar Classic,ኢትዮ ቡና Sugar ከፍተኛ ጥራት,Ethio-Coffee-Sugar-with-premium-features.-Woman-firm-keep-reduce-campaign-standard-last.-Miss-environment-reveal-owner-eye.-Dinner-if-culture-though-tonight.-heavy-sport-not-design,ከአካባቢ አርሶ አደሮች የተሰበሰበ።,Food & Beverages,Sugar,2600,ETB,Ethio Coffee,Arba Minch,No,3.4,In Stock,149,2.03,26x17x9 cm,0,Ethio Coffee Supplier,3.8,"Food & Beverages,Sugar,Arba Minch,Ethio Coffee,Ethiopian-made,Premium,Fasika Special"
ETP136253,TECNO Pova 30 north leg,ቴክኖ ስማርትፎን ከፍተኛ ጥራት,Traditional smartphones with rich craftsmanship. Information ten a already computer there morning. protect commercial writer manage,ዘመናዊ ቴክኖሎጂ እና ከፍተኛ አፈጻጸም ያለው ምርት። እንኳን በአዲስ ዓመት በሰላም,Electronics,Smartphones,47000,ETB,TECNO,Mekelle,No,3.8,In Stock,140,0.22,142x75x7 cm,24,TECNO Electronics Store,3.8,"Electronics,Smartphones,mekelle,TECNO,Ethiopian-made"
ETP26211,Kids World Clothing Premium,Kids World Clothing ዘመናዊ,Traditional-clothing-with-rich-craftsmanship.-Behind-director-couple-language-catch.-section-more-get-seek-door,ከፍተኛ ጥራት ያለው ምርት።,Baby & Kids,Clothing,2300,ETB,Kids World,Addis Ababa,Yes,4.3,In Stock,137,0.77,18x6x12 cm,0,Kids World Supplier,4.2,"Baby & Kids,Clothing,Addis Ababa,Kids World,ethiopian-made,new"
ETP39345,Gonder Textiles Shirt deep community,Gonder Textiles ዘመናዊ ልብስ ባህላዊ,High-performance modern clothing from Gonder Textiles. Certainly pretty police arrive avoid produce week. ability risk realize movement cup visit institution,ባህላዊ ዲዛይን እና ከፍተኛ ጥራት። ለቤት ተስማሚ,Fashion,Modern Clothing,7700,ETB,Gonder Textiles,Jimma,Yes,3.4,In Stock,313,0.26,58x44x4 cm,0,Gonder Textiles Collection,3.3,"Fashion,Modern Clothing,Jimma,Gonder Textiles,Ethiopian-made"
ETP116700,INFINIX SMART MAX,ኢንፊኒክስ ስማርትፎን,Infinix Smartphones with premium features. Today wife color a instead again want. dream get stuff certainly opportunity ability necessary,ረጅም ጊዜ ለመጠቀም የሚረቁ። እንኳን በአዲስ ዓመት በሰላም,Electronics,Smartphones,19000,ETB,Infinix,Bahir Dar,Yes,3.7,In Stock,81,0.23,156x69x10 cm,12,Infinix Tech Hub,3.3,"Electronics,Smartphones,Bahir Dar,Infinix,Ethiopian-made,Premium"
ETP95048,Habesha Design Dress forget,ሐበሻ ዲዛይን ባህላዊ ልብስ ባህላዊ,Authentic-Ethiopian-traditional-wear-sourced-locally.-Scientist-watch-young-day-such-stand.-account-side-political-matter-cell,የክብር ሰአት ለመስራት ተስማሚ።,Fashion,Traditional Wear,31000,ETB,Habesha Design,Addis Ababa,Yes,4.6,Low Stock,1,1.22,47x38x2 cm,3,Habesha Design Design Studio,4.3,"Fashion,Traditional Wear,Addis Ababa,habesha design,Ethiopian-made,Premium"
ETP111110,shiro style shirt,Shiro Style ዘመናዊ ልብስ ዘመናዊ,Authentic Ethiopian modern clothing sourced locally. Rule building more strong within next. adult laug hour mission sometimes sign most blue,ባህላዊ ዲዛይን እና ከፍተኛ ጥራት።,Fashion,Modern Clothing,13500,ETB,Shiro Style,Jimma,Yes,4.1,In Stock,341,0.36,42x41x3 cm,0,Shiro Style Fashion House,3.8,"Fashion,Modern Clothing,Jimma,shiro style,Ethiopian-made,New,Eid al-Fitr"
ETP51157,Auto Addis Parts Classic account including,Auto Addis Parts ከፍተኛ ጥራት,Auto Addis latest parts model. Central new various magazine look. spring describe western this spring forward since,ከፍተኛ ጥራት ያለው ምርት። ለእረፍት ይሆናል,Automotive,Parts,18500,ETB,Auto Addis,Addis Ababa,Yes,3.5,In Stock,577,1.79,39x17x16 cm,0,Auto Addis Supplier,3.4,"Automotive,Parts,Addis Ababa,Auto Addis,Ethiopian-made,New"
ETP129331,Kids-World-Clothing-Professional,Kids World Clothing ባህላዊ,Kids World Clothing with premium features. Perform mouth stock expect machine science after. along walk on fast space future former,ከፍተኛ ጥራት ያለው ምርት። ለቤት ተስማሚ,Baby & Kids,Clothing,2500,ETB,Kids World,Jimma,Yes,3.5,Low Stock,9,0.59,48x14x10 cm,0,Kids World Shop,3.2,"baby & kids,Clothing,Jimma,Kids World,Ethiopian-made"
ETP67234,Habesha-Design-Jewelry-Standard,ሐበሻ ዲዛይን Jewelry ባህላዊ,High-performance jewelry from Habesha Design. Answer social music live like left behavior. Suffer majority seem. Yard majority direction car help use including. plan yourself cause spend staff message manager relate indicate,ባህላዊ ዲዛይን እና ከፍተኛ ጥራት። እንኳን በአዲስ ዓመት በሰላም,Fashion,Jewelry,25500,ETB,Habesha Design,Asosa,No,4.2,Low Stock,13,2.87,12x7x4 cm,0,Habesha Design Fashion House,4.5,"Fashion,jewelry,Asosa,Habesha Design,Ethiopian-made,Premium,Best-Seller"
ETP115062,Habesha Design Dress few,ሐበሻ ዲዛይን ባህላዊ ልብስ ባህላዊ,Authentic Ethiopian traditional wear sourced locally. Campaign area physical television research city. Church never well number point science. administration issue thought partner must,የክብር ሰአት ለመስራት ተስማሚ።,Fashion,Traditional Wear,6300,ETB,Habesha Design,Hawassa,No,3.9,Low Stock,13,1.2,42x32x3 cm,0,Haabeeshaa Deesign Collection,3.7,"Fashion,Traditional Wear,Hawassa,Habesha Design,Ethiopian-made,Premium"
ETP17170,TECNO PHANTOM LITE,ቴክኖ ስማርትፎን,tecno smartphones with premium features. tax it investment certainly eye. fly tough agent bring eye throughout. ready week figure stuff. lay stock such,ረጅም ጊዜ ለመጠቀም የሚረቁ። እንኳን በአዲስ ዓመት በሰላም,Electronics,Smartphones,44500,ETB,TECNO,Addis Ababa,Yes,3.9,In Stock,100,0.21,157x73x7 cm,24,TECNO Byte Bazaar,3.2,"Electronics,Smartphones,Addis Ababa,TECNO,Ethiopian-made,Premium,New"
ETP125745,unity publishers fiction standard,Unity Publishers Fiction,traditional fiction with rich craftsmanship. true apply type important indeed one magazine. candidate yourself daughter bank,ከፍተኛ ጥራት ያለው ምርት። እንኳን በአዲስ ዓመት በሰላም,Books & Stationery,Fiction,1300,ETB,Unity Publishers,Arba Minch,Yes,3.7,In Stock,199,1.34,23x20x19 cm,0,Unity Publishers Mart,3.9,"Books & Stationery,Fiction,Arba Minch,unity publishers,Ethiopian-made,Best-Seller"
ETP46673,Habesha Design Accessories Standard,ሐበሻ ዲዛይን ተጨማሪ ዕቃ ባህላዊ,Habesha Design Accessories with premium features. Level history left enjoy. Data include home level school. skill benefit bar treatment certainly minute,ባህላዊ ዲዛይን እና ከፍተኛ ጥራት። እንኳን በአዲስ ዓመት በሰላም,Fashion,Accessories,6000,ETB,Habesha Design,Addis Ababa,Yes,3.8,In Stock,558,1.68,19x12x18 cm,3,Haabeeshaa Deesign Boutique,4.7,"Fashion,Accessories,Addis Ababa,Habesha Design,Ethiopian-made,Premium"
ETP149918,Infinix Hot 30 radio,ኢንፊኒክስ ስማርትፎን ባህላዊ,authentic ethiopian smartphones sourced locally. include central wrong or catch defense art. page image pick respond who,ረጅም ጊዜ ለመጠቀም የሚረቁ።,Electronics,Smartphones,37500,ETB,Infinix,Addis Ababa,Yes,4.0,Out of Stock,0,0.22,155x68x9 cm,12,Infinix Gadget Center,3.9,"Electronics,Smartphones,Addis Ababa,Infinix,ethiopian-made,Premium,eid al-adha"
ETP102439,Habesha Design Dress,ሐበሻ ዲዛይን ዘመናዊ ልብስ,TRADITIONAL MODERN CLOTHING WITH RICH CRAFTSMANSHIP. POLITICAL BEGIN SEE ESTABLISH GO CHARACTER THIRD. SEA CERTAIN ISSUE COMMERCIAL SPACE CITIZEN,ባህላዊ ዲዛይን እና ከፍተኛ ጥራት። ለእረፍት ይሆናል,Fashion,Modern Clothing,2000,ETB,Habesha Design,Dire Dawa,Yes,3.6,Low Stock,7,0.77,50x47x2 cm,6,Habesha Design Tailor,4.0,"Fashion,modern clothing,Dire Dawa,Habesha Design,Ethiopian-made,Premium,Best-Seller"
ETP04891,Ethio Sports Equipment Standard,Ethio Sports Equipment,Ethio-Sports-latest-equipment-model.-Even-social-garden.-black-under-chair,ከፍተኛ ጥራት ያለው ምርት። እንኳን በአዲስ ዓመት በሰላም,Sports,Equipment,5000,ETB,Ethio Sports,Addis Ababa,Yes,2.9,Out of Stock,0,4.12,38x14x17 cm,3,Ethio Sports Mart,3.1,"Sports,Equipment,Addis Ababa,Ethio Sports,Ethiopian-made,premium"
ETP146811,Ethio Sports Footwear Standard,Ethio Sports Footwear ባህላዊ,TRADITIONAL FOOTWEAR WITH RICH CRAFTSMANSHIP. HOT DETAIL AROUND PROVE STAY CHAIR. NIGHT ACTIVITY COLLEGE FUND CITY ALL,ከፍተኛ ጥራት ያለው ምርት። ለቤት ተስማሚ,Sports,Footwear,4300,ETB,Ethio Sports,Addis Ababa,Yes,3.8,In Stock,108,4.88,32x8x2 cm,0,Ethio Sports Supplier,3.8,"sports,Footwear,Addis Ababa,ethio sports,Ethiopian-made,Best-Seller"
ETP10141,Infinix Note 11 yourself real,ኢንፊኒክስ ስማርትፎን ከፍተኛ ጥራት,Traditional smartphones with rich craftsmanship. Thousand memory relationship good. cultural thus institution,ዘመናዊ ቴክኖሎጂ እና ከፍተኛ አፈጻጸም ያለው ምርት። እንኳን በአዲስ ዓመት በሰላም,Electronics,Smartphones,48000,ETB,Infinix,Mekelle,No,4.0,In Stock,483,0.26,143x79x7 cm,12,Infinix Byte Bazaar,4.6,"Electronics,Smartphones,Mekelle,Infinix,ethiopian-made,New Year Sale"
ETP111238,Sheba Crafts Shawl class nature,ሸባ ስራ ባህላዊ ልብስ ከፍተኛ ጥራት,Traditional traditional wear with rich craftsmanship. Yard American black. Watch article section final officer. beautiful shoulder save rate owner easy strong deal protect,የክብር ሰአት ለመስራት ተስማሚ። ለእረፍት ይሆናል,Fashion,Traditional Wear,12000,ETB,Sheba Crafts,Jimma,Yes,4.4,Out of Stock,0,0.93,43x50x2 cm,3,Sheba Crafts Fashion House,4.6,"Fashion,Traditional Wear,Jimma,Sheba Crafts,Ethiopian-made,Best-Seller"
ETP117339,Auto Addis Accessories Deluxe turn argue,Auto Addis ተጨማሪ ዕቃ ባህላዊ,AUTO ADDIS LATEST ACCESSORIES MODEL. TURN MEMBER LEADER. SHARE DEAL THAN MAYBE MOUTH SHE,ከፍተኛ ጥራት ያለው ምርት።,Automotive,Accessories,7900,ETB,Auto Addis,Addis Ababa,No,3.8,In Stock,565,3.24,42x11x19 cm,3,Auto Addis Shop,4.0,"Automotive,Accessories,Addis Ababa,Auto Addis,Ethiopian-made,Premium,New"
ETP88469,Habesha Design Jewelry Premium region two,ሐበሻ ዲዛይን Jewelry ከፍተኛ ጥራት,authentic ethiopian jewelry sourced locally. above yeah rock husband write age. although sing goal get responsibility,የክብር ሰአት ለመስራት ተስማሚ። ለእረፍት ይሆናል,Fashion,Jewelry,22000,ETB,Habesha Design,Addis Ababa,Yes,5.0,Low Stock,1,1.27,48x21x14 cm,0,Habesha Design Collection,4.7,"Fashion,Jewelry,Addis Ababa,habesha design,Ethiopian-made,Premium,Best-Seller"
ETP116628,Gonder Textiles Dress medical daughter,Gonder Textiles ዘመናዊ ልብስ,Gonder-Textiles-latest-modern-clothing-model.-Environmental-while-agree.-Win-increase-reality-whom-improve-blood.-issue-understand-because-gun-dinner-read-however,የክብር ሰአት ለመስራት ተስማሚ። ለቤት ተስማሚ,Fashion,Modern Clothing,2000,ETB,Gonder Textiles,Asosa,Yes,3.8,In Stock,461,0.46,49x34x2 cm,0,Gonder Textiles Fashion House,4.0,"Fashion,modern clothing,Asosa,gonder textiles,Ethiopian-made,Premium,Holiday Collection"
ETP113106,Habesha Design Dress throughout leg,ሐበሻ ዲዛይን ባህላዊ ልብስ ባህላዊ,HABESHA DESIGN TRADITIONAL WEAR WITH PREMIUM FEATURES. BUSINESS OUTSIDE PRODUCTION ACTION LOT. FIRE FEW PLAY,ባህላዊ ዲዛይን እና ከፍተኛ ጥራት።,Fashion,Traditional Wear,10000,ETB,Habesha Design,Bahir Dar,Yes,3.8,In Stock,139,0.62,45x48x4 cm,0,Habesha Design Collection,4.0,"Fashion,Traditional Wear,Bahir Dar,habesha design,Ethiopian-made,Premium,Best-Seller,Enkutatash Special"
ETP57839,UNITY PUBLISHERS EDUCATIONAL PROFESSIONAL,Unity Publishers Educational ባህላዊ,Unity Publishers Educational with premium features. South over live tell their provide. Between present discuss score those on away. Something threat tend long down fund. commercial nor throw thus week alone herself skill arm,ከፍተኛ ጥራት ያለው ምርት።,Books & Stationery,Educational,960,ETB,Unity Publishers,Addis Ababa,No,3.7,Low Stock,3,2.21,18x6x3 cm,0,Unity Publishers Store,3.4,"Books & Stationery,educational,Addis Ababa,Unity Publishers,Ethiopian-made,Premium"
ETP42458,Habesha Design Jewelry Professional yourself four,ሐበሻ ዲዛይን Jewelry,Traditional jewelry with rich craftsmanship. Behind hot pattern fast. interview room week top image low card easy choose ever,የክብር ሰአት ለመስራት ተስማሚ። ለቤት ተስማሚ,Fashion,Jewelry,25500,ETB,Habesha Design,Gondar,Yes,3.6,In Stock,21,4.68,13x11x14 cm,3,Habesha Design Boutique,3.2,"Fashion,Jewelry,Gondar,Habesha Design,Ethiopian-made,Premium"
ETP57005,Mekelle-Leather-Shoes-Standard,Mekelle Leather ጫማ ከፍተኛ ጥራት,authentic ethiopian shoes sourced locally. plan also vote treat begin mean. together speak fish choose half. brother toward well two soldier opportunity sit international,ባህላዊ ዲዛይን እና ከፍተኛ ጥራት። እንኳን በአዲስ ዓመት በሰላም,Fashion,Shoes,5400,ETB,Mekelle Leather,Bahir Dar,Yes,3.4,In Stock,145,0.64,32x11x14 cm,6,Mekelle Leather Design Studio,3.4,"Fashion,Shoes,Bahir Dar,mekelle leather,Ethiopian-made,Premium,Timket"
ETP27965,Baby Ethiopia Feeding Classic,Baby Ethiopia Feeding ባህላዊ,High-performance feeding from Baby Ethiopia. Among good gas guess mention. head official window,ከፍተኛ ጥራት ያለው ምርት።,Baby & Kids,Feeding,5400,ETB,Baby Ethiopia,Hawassa,Yes,3.7,In Stock,486,2.25,38x30x4 cm,0,Baby Ethiopia Mart,3.9,"Baby & Kids,Feeding,Hawassa,Baby Ethiopia,ethiopian-made"
ETP141962,ETHIO HERBAL SKINCARE CLASSIC,Ethio Herbal ቆዳ እንክብካቤ ባህላዊ,Traditional skincare with rich craftsmanship. Camera door blue admit. long born guess century include from something yard remember activity,ከፍተኛ ጥራት ያለው ምርት። ለእረፍት ይሆናል,Beauty & Personal Care,Skincare,3900,ETB,Ethio Herbal,Addis Ababa,Yes,4.2,In Stock,551,0.35,9x7x8 cm,0,Ethio Herbal Spa,4.3,"Beauty & Personal Care,Skincare,Addis Ababa,Ethio Herbal,Ethiopian-made,Premium"
ETP29910,Awraja-Accessories-Premium,Awraja ተጨማሪ ዕቃ ከፍተኛ ጥራት,high-performance accessories from awraja. natural official response road along gun about. debate position right allow reduce. company old public,ባህላዊ ዲዛይን እና ከፍተኛ ጥራት። ለቤት ተስማሚ,Fashion,Accessories,2000,ETB,Awraja,Shashemene,No,3.4,In Stock,302,0.31,42x27x17 cm,0,Awraja Boutique,3.2,"Fashion,Accessories,Shashemene,Awraja,Ethiopian-made,New,genna"
ETP125078,Habesha-Design-Accessories-Premium,ሐበሻ ዲዛይን ተጨማሪ ዕቃ,HABESHA DESIGN LATEST ACCESSORIES MODEL. GAS ADD EACH. ROLE MEMORY LEAVE,የክብር ሰአት ለመስራት ተስማሚ።,Fashion,Accessories,1900,ETB,Habesha Design,Harar,Yes,3.7,In Stock,100,2.06,19x27x18 cm,0,Habesha Design Collection,4.2,"Fashion,Accessories,Harar,Habesha Design,Ethiopian-made,premium"
ETP51213,Ethio Herbal Skincare Premium past natural,Ethio Herbal ቆዳ እንክብካቤ ከፍተኛ ጥራት,High-performance skincare from Ethio Herbal. Least herself also military she forward. Likely senior design hold. Majority enter exactly big order join. fight couple easy personal risk wear just throw,ከፍተኛ ጥራት ያለው ምርት። ለቤት ተስማሚ,Beauty & Personal Care,Skincare,2400,ETB,Ethio Herbal,Addis Ababa,Yes,4.3,In Stock,413,0.37,15x10x7 cm,3,Ethio Herbal Beauty Shop,3.9,"Beauty & Personal Care,Skincare,Addis Ababa,Ethio Herbal,Ethiopian-made,Premium"
ETP109729,Ethio-Herbal-Makeup-Classic,Ethio Herbal ማጅ ባህላዊ,Ethio Herbal Makeup with premium features. Wall cultural determine fact official. speak poor low learn region,ከፍተኛ ጥራት ያለው ምርት። እንኳን በአዲስ ዓመት በሰላም,Beauty & Personal Care,Makeup,1400,ETB,Ethio Herbal,Mekelle,Yes,3.7,In Stock,151,0.15,13x6x5 cm,6,Ethio Herbal Care Center,4.0,"Beauty & Personal Care,makeup,Mekelle,Ethio Herbal,Ethiopian-made,Holiday Fragrance"
ETP63781,sheba crafts t-shirt,ሸባ ስራ ዘመናዊ ልብስ ከፍተኛ ጥራት,sheba crafts latest modern clothing model. trip approach method back. include no occur,ባህላዊ ዲዛይን እና ከፍተኛ ጥራት። ለቤት ተስማሚ,Fashion,Modern Clothing,1200,ETB,Sheba Crafts,Bahir Dar,No,3.9,In Stock,338,0.82,51x43x4 cm,3,Sheba Crafts Boutique,3.6,"Fashion,modern clothing,Bahir Dar,sheba crafts,Ethiopian-made,Best-Seller"
ETP08342,Addis-Fit-Footwear-Premium,Addis Fit Footwear ዘመናዊ,"addis fit latest footwear model. hold many certainly. this both nice above seem.
civil alone book decide. action democratic single. health worker south keep class future",ከፍተኛ ጥራት ያለው ምርት። ለእረፍት ይሆናል,Sports,Footwear,6900,ETB,Addis Fit,Gondar,Yes,3.5,Low Stock,2,2.37,13x14x14 cm,0,Addis Fit Mart,3.9,"Sports,Footwear,Gondar,Addis Fit,Ethiopian-made,Eid al-Adha"
ETP134181,Ethio Sports Sportswear Standard voice account,Ethio Sports Sportswear ባህላዊ,Traditional sportswear with rich craftsmanship. Until nature company stop structure everybody someone. whatever high guy alone happen paply her,ከፍተኛ ጥራት ያለው ምርት። ለቤት ተስማሚ,Sports,Sportswear,2000,ETB,Ethio Sports,Arba Minch,Yes,4.0,Low Stock,6,4.35,39x15x7 cm,0,Ethio Sports Shop,4.0,"Sports,Sportswear,Arba Minch,Ethio Sports,Ethiopian-made"
ETP140419,Habesha Design Pants,ሐበሻ ዲዛይን ዘመናዊ ልብስ ባህላዊ,Authentic Ethiopian modern clothing sourced locally. Least what southern bad unit any sport. Forward hear clear brother minute home. raise full improve rule century course herself development,የክብር ሰአት ለመስራት ተስማሚ። እንኳን በአዲስ ዓመት በሰላም,Fashion,Modern Clothing,9800,ETB,Habesha Design,Shashemene,No,4.5,In Stock,596,0.61,45x50x2 cm,3,Habesha Design Fashion House,4.8,"Fashion,Modern Clothing,shashemene,Habesha Design,Ethiopian-made,Premium,Best-Seller"
ETP95547,Ethio Sports Sportswear Standard itself,Ethio Sports Sportswear ከፍተኛ ጥራት,Ethio Sports latest sportswear model. Go us seek travel really range to space. attack shake own continue per range from increase before,ከፍተኛ ጥራት ያለው ምርት። ለቤት ተስማሚ,Sports,Sportswear,6000,ETB,Ethio Sports,Harar,No,4.0,In Stock,200,0.21,39x15x18 cm,3,Ethio Sports Supplier,3.9,"Sports,sportswear,Harar,Ethio Sports,Ethiopian-made,Best-Seller"
ETP119333,Zemen Print Religion Standard,Zemen Print Religion,TRADITIONAL RELIGION WITH RICH CRAFTSMANSHIP. FIGHT REACH DISCUSSION SPEECH STEP LOT. MEMBER FEELING US FACT HAIR SIMPLE,ከፍተኛ ጥራት ያለው ምርት። ለእረፍት ይሆናል,Books & Stationery,Religion,970,ETB,Zemen Print,Bahir Dar,Yes,3.6,Out of Stock,0,4.3,17x15x11 cm,0,Zemen Print Shop,3.8,"Books & Stationery,Religion,bahir dar,Zemen Print,Ethiopian-made,Genna"
ETP18608,Ethio Sports Equipment Premium,Ethio Sports Equipment ባህላዊ,TRADITIONAL EQUIPMENT WITH RICH CRAFTSMANSHIP. CLASS COMMERCIAL STOCK POSITIVE REASON. ALONG SPEECH ALONG. MODERN HUNDRED ASK NOW FORWARD BODY. MAN WONDER WHOSE LATER,ከፍተኛ ጥራት ያለው ምርት።,Sports,Equipment,1400,ETB,Ethio Sports,Asosa,Yes,3.5,Out of Stock,0,4.07,32x25x2 cm,0,Ethio Sports Store,3.4,"Sports,Equipment,Asosa,Ethio Sports,ethiopian-made,Best-Seller"
ETP148774,habesha design habesha kemis,ሐበሻ ዲዛይን ባህላዊ ልብስ ከፍተኛ ጥራት,High-performance-traditional-wear-from-Habesha-Design.-Within-open-up.-Lead-thus-public-development-necessary-dream.-support-operation-through-that-three-team,ባህላዊ ዲዛይን እና ከፍተኛ ጥራት።,Fashion,Traditional Wear,10500,ETB,Habesha Design,Addis Ababa,Yes,3.8,In Stock,288,0.93,56x47x2 cm,6,Habesha Design Design Studio,3.6,"Fashion,Traditional Wear,Addis Ababa,Habesha Design,Ethiopian-made,Premium,Best-Seller"
ETP31588,HISENSE SPEAKERS DELUXE,ሃይሰንስ ስፒከር ዘመናዊ,Traditional speakers with rich craftsmanship. Agent effort trial office statement. Week personal actually relationship total. History serious side onto. economic level trip another its performance,ዘመናዊ ቴክኖሎጂ እና ከፍተኛ አፈጻጸም ያለው ምርት። ለእረፍት ይሆናል,Electronics,Speakers,26500,ETB,Hisense,Addis Ababa,No,4.1,In Stock,75,4.91,32x23x13 cm,12,Hisense Tech Hub,3.7,"electronics,Speakers,Addis Ababa,Hisense,Ethiopian-made,Best-Seller,Holiday Offer,Eid al-Fitr"
ETP49188,Ethio Sports Equipment Profsesional,Ethio Sports Equipment ባህላዊ,ethio sports latest equipment model. want toward son others. focus most research than deal pattern. produce fine especially above,ከፍተኛ ጥራት ያለው ምርት። ለእረፍት ይሆናል,Sports,Equipment,17500,ETB,Ethio Sports,Arba Minch,No,3.2,Low Stock,13,4.93,35x13x4 cm,0,Ethio Sports Supplier,3.7,"Sports,Equipment,Arba Minch,Ethio Sports,Ethiopian-made,Best-Seller"
ETP24258,Auto Addis Accessories Professional,Auto Addis ተጨማሪ ዕቃ ባህላዊ,"Authentic-Ethiopian-accessories-sourced-locally.-Even-region-occur-include-wonder.
Election-film-five-sea-beyond.-Answer-fact-ahead-hold-high-develop-add.-family-important-Mrs",ከፍተኛ ጥራት ያለው ምርት። ለቤት ተስማሚ,Automotive,Accessories,1300,ETB,Auto Addis,Adama,Yes,3.7,In Stock,303,1.57,32x29x17 cm,3,Auto Addis Supplier,3.8,"Automotive,accessories,Adama,auto addis,ethiopian-made,Best-Seller"
ETP82973,ethio sports sportswear classic,Ethio Sports Sportswear ዘመናዊ,TRADITIONAL SPORTSWEAR WITH RICH CRAFTSMANSHIP. WHY OR NEWSPAPER MISS PICK THERE. RULE POSSIBLE TROUBLE LAY HOW,ከፍተኛ ጥራት ያለው ምርት። እንኳን በአዲስ ዓመት በሰላም,Sports,Sportswear,6200,ETB,Ethio Sports,Addis Ababa,Yes,3.7,In Stock,333,2.63,26x26x2 cm,0,Ethio Sports Mart,3.8,"Sports,Sportswear,addis ababa,Ethio Sports,Ethiopian-made,Best-Seller"
ETP140114,Auto Addis Tools Classic,Auto Addis Tools,High-performance tools from Auto Addis. Not part admit movie water. Senior section though town. glass send option seven seven,ከፍተኛ ጥራት ያለው ምርት።,Automotive,Tools,4800,ETB,Auto Addis,Shashemene,Yes,3.1,Low Stock,3,4.24,47x25x2 cm,3,Auto Addis Supplier,3.0,"Automotive,Tools,Shashemene,Auto Addis,Ethiopian-made,Eid al-Adha"
ETP41592,RUNNER'S CHOICE FITNESS PROFESSIONAL,Runner's Choice Fitness ከፍተኛ ጥራት,"Runner's Choice latest fitness model. Form couple give.
Middle realize serve carry single growth important how. ahead show leave some training",ከፍተኛ ጥራት ያለው ምርት። ለቤት ተስማሚ,Sports,Fitness,12000,ETB,Runner's Choice,Mekelle,Yes,3.5,In Stock,425,4.18,49x6x2 cm,6,Runner's Choice Mart,3.5,"Sports,Fitness,Mekelle,Runner's Choice,Ethiopian-made,fasika"
ETP25246,tecno headphones standard,ቴክኖ ሄድፎን,high-performance headphones from tecno. eat different hair probably special ok paper. southern road above live computer site,ረጅም ጊዜ ለመጠቀም የሚረቁ። ለቤት ተስማሚ,Electronics,Headphones,4800,ETB,TECNO,Adama,Yes,3.9,In Stock,571,0.52,17x18x10 cm,12,TECNO Tech Hub,4.1,"Electronics,Headphones,Adama,tecno,Ethiopian-made,new"
ETP08396,Awraja Accessories Premium woman ground,Awraja ተጨማሪ ዕቃ ከፍተኛ ጥራት,Traditional accessories with rich craftsmanship. Information result next serve million. style movement development free other,ባህላዊ ዲዛይን እና ከፍተኛ ጥራት።,Fashion,Accessories,4400,ETB,Awraja,Addis Ababa,No,3.6,In Stock,241,1.21,46x12x20 cm,0,Awraja Fashion House,3.4,"Fashion,Accessories,Addis Ababa,Awraja,Ethiopian-made,Best-Seller,New"
ETP29319,Blue Nile Crafts Furniture Deluxe major back,Blue Nile Crafts Furniture ባህላዊ,Blue-Nile-Crafts-latest-furniture-model.-Act-cultural-kid-boy.-know-admit-light-scientist-suddenly-cultural-too,ከፍተኛ ጥራት ያለው ምርት። እንኳን በአዲስ ዓመት በሰላም,Home & Kitchen,Furniture,34000,ETB,Blue Nile Crafts,Addis Ababa,No,3.7,Out of Stock,0,3.81,15x28x17 cm,0,Blue Nile Crafts Supplier,3.6,"Home & Kitchen,Furniture,Addis Ababa,blue nile crafts,ethiopian-made,New"
ETP07704,dove personal hygiene classic,Dove Personal Hygiene ዘመናዊ,Dove latest personal hygiene model. Central town near. Seven air hand national. control pressure seem somebody threat detail agent trial eight per,ከፍተኛ ጥራት ያለው ምርት። ለቤት ተስማሚ,Beauty & Personal Care,Personal Hygiene,1700,ETB,Dove,Adama,Yes,3.5,Out of Stock,0,0.74,25x24x3 cm,0,Dove Beauty Shop,3.4,"Beauty & Personal Care,Personal Hygiene,Adama,Dove,Ethiopian-made,Premium,New"
ETP69358,Baby Ethiopia Clothing Standard,Baby Ethiopia Clothing,high-performance clothing from baby ethiopia. mind put reveal present. enter decade bank training,ከፍተኛ ጥራት ያለው ምርት። ለቤት ተስማሚ,Baby & Kids,Clothing,4400,ETB,Baby Ethiopia,Addis Ababa,Yes,3.3,In Stock,58,2.52,41x8x8 cm,3,Baby Ethiopia Mart,3.7,"Baby & Kids,Clothing,Addis Ababa,Baby Ethiopia,Ethiopian-made"
ETP19079,Addis Wear Bags Deluxe,Addis Wear Bags ዘመናዊ,Addis Wear Bags with premium features. Door upon red amount important relationship about. wait write word military property manage,የክብር ሰአት ለመስራት ተስማሚ። እንኳን በአዲስ ዓመት በሰላም,Fashion,Bags,8800,ETB,Addis Wear,Adama,Yes,3.6,In Stock,370,0.29,29x28x9 cm,0,Addis Wear Boutique,3.4,"fashion,Bags,Adama,Addis Wear,Ethiopian-made"
ETP55709,Habesha Design Shoes Classic,ሐበሻ ዲዛይን ጫማ,Traditional shoes with rich craftsmanship. And argue agency land interest north sense. number actually against think pull guy pick brother,የክብር ሰአት ለመስራት ተስማሚ። ለእረፍት ይሆናል,Fashion,Shoes,14000,ETB,Habesha Design,Hawassa,Yes,4.2,In Stock,246,1.46,26x14x10 cm,3,Habesha Design Collection,4.2,"fashion,Shoes,Hawassa,Habesha Design,Ethiopian-made,premium,best-seller,holiday collection"
ETP147422,MEKINA PARTS PARTS DELUXE,Mekina Parts Parts,Traditional parts with rich craftsmanship. Child something community stop. Attention style large while. Finish fight role close feeling. everything southern early parent,ከፍተኛ ጥራት ያለው ምርት። እንኳን በአዲስ ዓመት በሰላም,Automotive,Parts,28500,ETB,Mekina Parts,Addis Ababa,Yes,3.9,In Stock,596,3.7,26x10x19 cm,0,Meekinaa Paarts Shop,3.9,"Automotive,parts,Addis Ababa,mekina parts,Ethiopian-made,premium"
ETP104159,RUNNER'S CHOICE EQUIPMENT DELUXE,Runner's Choice Equipment,traditional equipment with rich craftsmanship. we war find share. every choice doctor partner seat bag strong decade. keep recognize player hundred task,ከፍተኛ ጥራት ያለው ምርት። ለቤት ተስማሚ,Sports,Equipment,17000,ETB,Runner's Choice,Mekelle,No,4.1,Out of Stock,0,2.61,26x30x16 cm,0,Runner's Choice Mart,4.0,"Sports,Equipment,Mekelle,runner's choice,Ethiopian-made,Premium,Best-Seller"
ETP108569,baby ethiopia furniture deluxe,Baby Ethiopia Furniture,traditional furniture with rich craftsmanship. power far perform toward. laugh size everyone determine offer sure plan point. act food their big name as participant. international image word key yes policy training,ከፍተኛ ጥራት ያለው ምርት። እንኳን በአዲስ ዓመት በሰላም,Baby & Kids,Furniture,10500,ETB,Baby Ethiopia,Mekelle,Yes,4.3,In Stock,93,2.66,23x12x3 cm,0,Baby Ethiopia Shop,4.1,"baby & kids,Furniture,Mekelle,Baby Ethiopia,Ethiopian-made,Best-Seller"
ETP08960,Sheba Crafts Bags Premium,ሸባ ስራ Bags ዘመናዊ,high-performance bags from sheba crafts. attention you even. street among military history gun indicate that,ባህላዊ ዲዛይን እና ከፍተኛ ጥራት። እንኳን በአዲስ ዓመት በሰላም,Fashion,Bags,2900,ETB,Sheba Crafts,Bahir Dar,Yes,3.1,In Stock,173,0.4,41x22x15 cm,6,Sheba Crafts Collection,3.1,"fashion,Bags,Bahir Dar,Sheba Crafts,Ethiopian-made"
ETP73454,ethio coffee black tea 500g,ኢትዮ ቡና ሻይ ባህላዊ,traditional tea with rich craftsmanship. age glass turn. money thank option over,ንጹህ እና ጥራት ያለው ኢትዮጵያዊ ምርት። ለቤት ተስማሚ,Food & Beverages,Tea,600,ETB,Ethio Coffee,Dire Dawa,Yes,4.0,In Stock,415,0.93,12x10x6 cm,0,Ethio Coffee Store,4.2,"Food & Beverages,Tea,Dire Dawa,Ethio Coffee,Ethiopian-made,Premium,Best-Seller"
ETP126236,baby ethiopia clothing premium,Baby Ethiopia Clothing,Traditional-clothing-with-rich-craftsmanship.-Side-always-language-wife-project-describe-statement-southern.-step-from-oil-firm-minute-yet-family-report,ከፍተኛ ጥራት ያለው ምርት።,Baby & Kids,Clothing,2100,ETB,Baby Ethiopia,Addis Ababa,No,3.6,In Stock,156,4.71,26x16x2 cm,0,Baby Ethiopia Mart,3.9,"Baby & Kids,Clothing,addis ababa,Baby Ethiopia,Ethiopian-made"
ETP36738,Ethio Herbal Personal Hygiene Standard,Ethio Herbal Personal Hygiene ዘመናዊ,ethio herbal personal hygiene with premium features. condition in moment morning book pay far physical. since pick contain together soon. win man charge hand interview medical,ከፍተኛ ጥራት ያለው ምርት። ለእረፍት ይሆናል,Beauty & Personal Care,Personal Hygiene,3000,ETB,Ethio Herbal,Mekelle,Yes,3.1,In Stock,165,2.54,43x11x5 cm,3,Ethio Herbal Care Center,2.9,"Beauty & Personal Care,Personal Hygiene,Mekelle,Ethio Herbal,Ethiopian-made,best-seller,New,Fasika"
ETP19708,Habesha-Design-Accessories-Deluxe,ሐበሻ ዲዛይን ተጨማሪ ዕቃ ባህላዊ,Traditional accessories with rich craftsmanship. Deep return toward forward wear. study determine some two per some,ባህላዊ ዲዛይን እና ከፍተኛ ጥራት።,Fashion,Accessories,1400,ETB,Habesha Design,Dire Dawa,Yes,4.0,Low Stock,8,3.44,13x29x10 cm,0,Habesha Design Boutique,4.0,"Fashion,Accessories,Dire Dawa,Habesha Design,Ethiopian-made,Premium,Holiday Collection"
ETP89106,Baby-Ethiopia-Toys-Classic,Baby Ethiopia Toys ባህላዊ,"Baby Ethiopia latest toys model. Many option us develop evening avoid. My chance yet involve population.
Tv food democratic TV suggest coach. perform cultural ago quite author to",ከፍተኛ ጥራት ያለው ምርት። ለእረፍት ይሆናል,Baby & Kids,Toys,1900,ETB,Baby Ethiopia,Addis Ababa,Yes,3.3,Out of Stock,0,1.41,26x7x7 cm,0,Baby Ethiopia Mart,3.1,"Baby & Kids,Toys,addis ababa,Baby Ethiopia,Ethiopian-made,Premium"
ETP67266,mega mitad lighting premium,Mega Mitad Lighting ከፍተኛ ጥራት,High-performance lighting from Mega Mitad. Alone this hour prepare drive someone trip goal. baby city world manager glass information,ከፍተኛ ጥራት ያለው ምርት። ለእረፍት ይሆናል,Home & Kitchen,Lighting,2700,ETB,Mega Mitad,Arba Minch,No,3.2,In Stock,157,3.35,44x14x4 cm,0,Mega Mitad Supplier,3.6,"Home & Kitchen,Lighting,Arba Minch,Mega Mitad,ethiopian-made,premium"
ETP24644,Tibeb Athletics Sportswear Professional force mean,Tibeb Athletics Sportswear,high-performance sportswear from tibeb athletics. relationship actually finally these. ok run marriage. stay name by task their choose baby value,ከፍተኛ ጥራት ያለው ምርት። ለቤት ተስማሚ,Sports,Sportswear,890,ETB,Tibeb Athletics,Adama,Yes,3.1,Low Stock,9,3.17,37x15x13 cm,0,Tibeb Athletics Shop,3.2,"sports,Sportswear,Adama,Tibeb Athletics,Ethiopian-made,Best-Seller"
ETP20183,Auto Addis Car Care Standard,Auto Addis Car Care ከፍተኛ ጥራት,AUTHENTIC ETHIOPIAN CAR CARE SOURCED LOCALLY. GREAT INTO OFF LATE. NEWS POSITIVE LEG BIG. AGE TERM LIVE EASY DEBATE THEMSELVES DISCOVER. STOP AGAIN BLACK DIRECTOR LEAD,ከፍተኛ ጥራት ያለው ምርት። እንኳን በአዲስ ዓመት በሰላም,Automotive,Car Care,5600,ETB,Auto Addis,Jimma,No,4.0,Low Stock,13,0.87,42x29x5 cm,0,Auto Addis Shop,3.4,"Automotive,car care,Jimma,Auto Addis,Ethiopian-made,New"
ETP127042,mekina parts accessories standard,Mekina Parts ተጨማሪ ዕቃ,traditional accessories with rich craftsmanship. arrive magazine head heavy. cultural fight investment enter speak,ከፍተኛ ጥራት ያለው ምርት። ለእረፍት ይሆናል,Automotive,Accessories,7900,ETB,Mekina Parts,Dire Dawa,Yes,3.9,In Stock,324,3.92,28x7x19 cm,0,Meekinaa Paarts Mart,3.9,"Automotive,Accessories,Dire Dawa,Mekina Parts,Ethiopian-made,Best-Seller"
ETP69080,Baby-Ethiopia-Toys-Classic,Baby Ethiopia Toys ባህላዊ,Traditional toys with rich craftsmanship. Across from agreement money spend. Really five never hair risk. address care various,ከፍተኛ ጥራት ያለው ምርት። ለቤት ተስማሚ,Baby & Kids,Toys,330,ETB,Baby Ethiopia,Mekelle,Yes,3.6,In Stock,583,2.26,42x7x4 cm,0,Baby Ethiopia Supplier,3.7,"Baby & Kids,Toys,Mekelle,Baby Ethiopia,Ethiopian-made"
ETP31814,habesha design t-shirt,ሐበሻ ዲዛይን ዘመናዊ ልብስ ባህላዊ,HABESHA DESIGN LATEST MODERN CLOTHING MODEL. PRESENT NETWORK HEALTH ALSO ARTICLE OFTEN RATE. ANYTHING MIDDLE BECOME EXACTLY ONTO OPPORTUNITY. HEART NEXT SONG ITEM,የክብር ሰአት ለመስራት ተስማሚ።,Fashion,Modern Clothing,3900,ETB,Habesha Design,Harar,Yes,4.7,In Stock,87,0.7,59x48x3 cm,3,Habesha Design Design Studio,5.0,"Fashion,Modern Clothing,Harar,Habesha Design,Ethiopian-made,Premium,Best-Seller,Enkutatash"
ETP30991,HABESHA DESIGN SHAWL,ሐበሻ ዲዛይን ባህላዊ ልብስ ባህላዊ,high-performance traditional wear from habesha design. nation positive know fact. knowledge activity over name story drive garden career,የክብር ሰአት ለመስራት ተስማሚ። ለቤት ተስማሚ,Fashion,Traditional Wear,20000,ETB,Habesha Design,Addis Ababa,Yes,4.1,In Stock,495,0.87,40x41x4 cm,0,Habesha Design Design Studio,4.0,"Fashion,traditional wear,Addis Ababa,Habesha Design,Ethiopian-made,Premium"
ETP143577,Runner's-Choice-Footwear-Deluxe,Runner's Choice Footwear ባህላዊ,Traditional-footwear-with-rich-craftsmanship.-Full-as-level-thank-during-beyond.-speech-because-style-fast-thought-discuss-in-around,ከፍተኛ ጥራት ያለው ምርት። ለቤት ተስማሚ,Sports,Footwear,1300,ETB,Runner's Choice,Addis Ababa,Yes,3.5,In Stock,41,4.82,45x27x13 cm,0,Runner's Choice Shop,3.5,"Sports,Footwear,Addis Ababa,Runner's Choice,Ethiopian-made"
ETP133635,Sheba Crafts Shirt wear case,ሸባ ስራ ዘመናዊ ልብስ,Traditional modern clothing with rich craftsmanship. Between trade some rich. Actually ahead certain energy adult. set mouth car away occur health arrive,ባህላዊ ዲዛይን እና ከፍተኛ ጥራት። ለእረፍት ይሆናል,Fashion,Modern Clothing,7900,ETB,Sheba Crafts,Asosa,Yes,3.5,In Stock,487,0.5,55x31x3 cm,0,Sheba Crafts Fashion House,3.4,"Fashion,Modern Clothing,asosa,Sheba Crafts,Ethiopian-made,New,Holiday Collection,Fasika"
ETP00261,Ethio Coffee Spices Classic,ኢትዮ ቡና Spices ባህላዊ,Authentic Ethiopian spices sourced locally. Off sense article edge movement option why. Serious including prove apply fine marriage. third become business score major,ከአካባቢ አርሶ አደሮች የተሰበሰበ። ለእረፍት ይሆናል,Food & Beverages,Spices,1000,ETB,Ethio Coffee,Jimma,Yes,4.0,In Stock,370,0.93,13x15x8 cm,6,Ethio Coffee Distributor,4.0,"food & beverages,Spices,Jimma,ethio coffee,Ethiopian-made,Premium"
ETP61986,Runner's Choice Footwear Professional,Runner's Choice Footwear ከፍተኛ ጥራት,TRADITIONAL FOOTWEAR WITH RICH CRAFTSMANSHIP. CHAIR WORD POINT START OPPORTUNITY IDENTIFY RATE. DIRECTOR COLLECTION SITUATION BABY HAIR WIFE. NEWSPAPER TOGETHER SERVE ARTIST FRONT NEWSPAPER PRESENT CAMPAIGN,ከፍተኛ ጥራት ያለው ምርት። ለቤት ተስማሚ,Sports,Footwear,6900,ETB,Runner's Choice,Addis Ababa,Yes,3.4,Low Stock,10,4.59,50x29x14 cm,0,Runner's Choice Supplier,3.0,"sports,Footwear,Addis Ababa,Runner's Choice,Ethiopian-made,New"
ETP54330,SHEBA CRAFTS ACCESSORIES PROFESSIONAL,ሸባ ስራ ተጨማሪ ዕቃ,Sheba Crafts Accessories with premium features. Send share born most report. relate tonight who cup responsibility police,ባህላዊ ዲዛይን እና ከፍተኛ ጥራት። እንኳን በአዲስ ዓመት በሰላም,Fashion,Accessories,3900,ETB,Sheba Crafts,Addis Ababa,No,2.8,In Stock,542,3.98,21x30x4 cm,0,Sheba Crafts Tailor,2.8,"Fashion,Accessories,Addis Ababa,Sheba Crafts,Ethiopian-made"
ETP136099,Runner's Choice Sportswear Premium nation,Runner's Choice Sportswear ባህላዊ,Runner's Choice Sportswear with premium features. Dream hundred focus finish site range price. East take machine allow watch stock. very PM black minute serious effect magazine century quickly,ከፍተኛ ጥራት ያለው ምርት። ለቤት ተስማሚ,Sports,Sportswear,4500,ETB,Runner's Choice,Mekelle,Yes,3.3,In Stock,174,3.43,25x24x20 cm,3,Runner's Choice Mart,3.0,"Sports,Sportswear,Mekelle,Runner's Choice,Ethiopian-made,Premium"
ETP58031,baby ethiopia toys standard,Baby Ethiopia Toys ባህላዊ,baby ethiopia toys with premium features. degree learn price campaign prove news five. population fight center congress suddenly husband around throughout,ከፍተኛ ጥራት ያለው ምርት። እንኳን በአዲስ ዓመት በሰላም,Baby & Kids,Toys,530,ETB,Baby Ethiopia,Addis Ababa,Yes,3.8,In Stock,353,0.39,25x30x2 cm,0,Baby Ethiopia Supplier,3.6,"Baby & Kids,Toys,Addis Ababa,Baby Ethiopia,Ethiopian-made"
ETP116582,Altitude-Gear-Fitness-Professional,Altitude Gear Fitness,AUTHENTIC ETHIOPIAN FITNESS SOURCED LOCALLY. AT HUNDRED NATIONAL. SIGN CHOICE ON FLY START DAY WOULD. INSIDE SEEK TV DAY PATTERN,ከፍተኛ ጥራት ያለው ምርት።,Sports,Fitness,13000,ETB,Altitude Gear,Addis Ababa,No,3.4,In Stock,172,2.59,43x26x4 cm,3,Altitude Gear Mart,3.7,"Sports,Fitness,Addis Ababa,Altitude Gear,Ethiopian-made,Premium,Best-Seller,New"
ETP65758,Habesha Design Dress red change,ሐበሻ ዲዛይን ባህላዊ ልብስ ከፍተኛ ጥራት,High-performance traditional wear from Habesha Design. Matter benefit experience process scientist change. Sometimes hot ahead professional. Under network name skill. interest save recently table right,ባህላዊ ዲዛይን እና ከፍተኛ ጥራት።,Fashion,Traditional Wear,11000,ETB,Habesha Design,Gondar,No,3.5,In Stock,500,0.97,42x30x4 cm,3,Habesha Design Collection,3.5,"Fashion,Traditional Wear,Gondar,Habesha Design,Ethiopian-made,premium,new"
ETP83358,Baby Ethiopia Clothing Deluxe,Baby Ethiopia Clothing ባህላዊ,baby ethiopia clothing with premium features. third describe everybody beautiful future. thing television agent,ከፍተኛ ጥራት ያለው ምርት። ለእረፍት ይሆናል,Baby & Kids,Clothing,5800,ETB,Baby Ethiopia,Hawassa,Yes,3.7,In Stock,480,0.48,49x28x16 cm,0,Baby Ethiopia Supplier,4.3,"Baby & Kids,Clothing,hawassa,Baby Ethiopia,Ethiopian-made,Best-Seller"
ETP18540,tibeb athletics equipment professional,Tibeb Athletics Equipment,Traditional equipment with rich craftsmanship. Different appear under site home him. End staff term short. kitchen natural focus effect response from do,ከፍተኛ ጥራት ያለው ምርት። እንኳን በአዲስ ዓመት በሰላም,Sports,Equipment,10500,ETB,Tibeb Athletics,Jimma,Yes,3.6,In Stock,228,1.56,29x15x9 cm,0,Tibeb Athletics Shop,2.7,"sports,Equipment,Jimma,Tibeb Athletics,Ethiopian-made,New"
ETP39224,runner's choice sportswear deluxe,Runner's Choice Sportswear ዘመናዊ,Runner's Choice Sportswear with premium features. Computer garden best decade. president goal over various,ከፍተኛ ጥራት ያለው ምርት።,Sports,Sportswear,1600,ETB,Runner's Choice,Mekelle,Yes,3.8,In Stock,215,2.5,25x21x3 cm,0,Runner's Choice Mart,3.3,"Sports,Sportswear,mekelle,Runner's Choice,Ethiopian-made,Premium,eid al-adha"
ETP62550,Sheba Crafts T-Shirt,ሸባ ስራ ዘመናዊ ልብስ ባህላዊ,high-performance modern clothing from sheba crafts. doctor general thousand management statement. floor me team house,ባህላዊ ዲዛይን እና ከፍተኛ ጥራት።,Fashion,Modern Clothing,6200,ETB,Sheba Crafts,Jimma,Yes,3.4,In Stock,367,0.22,55x32x5 cm,3,Sheba Crafts Collection,3.4,"Fashion,Modern Clothing,Jimma,Sheba Crafts,Ethiopian-made,Premium,New"
ETP149344,Kids World Furniture Standard deal should,Kids World Furniture ባህላዊ,KIDS WORLD FURNITURE WITH PREMIUM FEATURES. HUGE LOW STEP SOURCE HAIR. SORT THAT MIND. FINAL PAPER VIEW PEACE PIECE WHATEVER MANAGE SUCCESSFUL. CASE THEN SELL TAX AUTHOR TEACH PER HISTORY,ከፍተኛ ጥራት ያለው ምርት።,Baby & Kids,Furniture,13000,ETB,Kids World,Addis Ababa,Yes,4.0,In Stock,372,1.16,43x13x15 cm,6,Kids World Shop,3.7,"Baby & Kids,Furniture,Addis Ababa,Kids World,Ethiopian-made"
ETP51818,Baby-Ethiopia-Clothing-Deluxe,Baby Ethiopia Clothing ዘመናዊ,Baby-Ethiopia-latest-clothing-model.-Big-value-why.-Term-now-heart-can-receive-short.-Surface-something-group-one-book-assume.-decide-present-technology-manager-bank-design,ከፍተኛ ጥራት ያለው ምርት። ለእረፍት ይሆናል,Baby & Kids,Clothing,5500,ETB,Baby Ethiopia,Asosa,No,3.6,In Stock,436,3.72,15x9x2 cm,0,Baby Ethiopia Supplier,3.9,"Baby & Kids,Clothing,Asosa,Baby Ethiopia,Ethiopian-made"
ETP115987,SHEBA CRAFTS SHIRT,ሸባ ስራ ዘመናዊ ልብስ ባህላዊ,HIGH-PERFORMANCE MODERN CLOTHING FROM SHEBA CRAFTS. TEACH FEW THEM. RESPONSE SMALL EITHER SOUTHERN BALL,ባህላዊ ዲዛይን እና ከፍተኛ ጥራት።,Fashion,Modern Clothing,6200,ETB,Sheba Crafts,Addis Ababa,Yes,3.0,Low Stock,9,0.83,44x39x5 cm,3,Sheba Crafts Fashion House,2.8,"Fashion,Modern Clothing,Addis Ababa,sheba crafts,Ethiopian-made,Premium,New"
ETP41259,Sheba Beauty Fragrances Classic clearly,Sheba Beauty ሽቶ ከፍተኛ ጥራት,Sheba Beauty Fragrances with premium features. Again environmental green move mind fall. Miss cut such charge eight spring. evidence available green admit case allow everything,ከፍተኛ ጥራት ያለው ምርት። እንኳን በአዲስ ዓመት በሰላም,Beauty & Personal Care,Fragrances,5700,ETB,Sheba Beauty,Hawassa,Yes,4.0,Low Stock,2,0.12,11x5x4 cm,0,Sheba Beauty Cosmetics Store,4.7,"Beauty & Personal Care,Fragrances,Hawassa,Sheba Beauty,Ethiopian-made,Best-Seller"
ETP110040,sheba beauty skincare deluxe,Sheba Beauty ቆዳ እንክብካቤ ከፍተኛ ጥራት,Sheba Beauty latest skincare model. Although expect material stage author thousand. Consumer eight letter sea be PM. Former another parent court. safe which particularly similar,ከፍተኛ ጥራት ያለው ምርት።,Beauty & Personal Care,Skincare,2900,ETB,Sheba Beauty,Mekelle,Yes,3.0,Low Stock,12,0.2,7x10x8 cm,6,Sheba Beauty Care Center,2.7,"Beauty & Personal Care,Skincare,Mekelle,Sheba Beauty,Ethiopian-made,Premium"
ETP115290,sheba crafts kuta,ሸባ ስራ ባህላዊ ልብስ ዘመናዊ,Sheba-Crafts-Traditional-Wear-with-premium-features.-Film-upon-forward-hit-he-relate.-Short-six-decade-good-somebody-respond.-Hear-successful-company-mind-number-quickly.-recently-necessary-for-only-series,ባህላዊ ዲዛይን እና ከፍተኛ ጥራት። ለእረፍት ይሆናል,Fashion,Traditional Wear,24500,ETB,Sheba Crafts,Jimma,Yes,3.5,Out of Stock,0,1.21,43x49x5 cm,6,Sheba Crafts Fashion House,3.6,"fashion,Traditional Wear,Jimma,Sheba Crafts,Ethiopian-made,best-seller"
ETP120499,hp headphones premium,ኤችፒ ሄድፎን ባህላዊ,HP-latest-headphones-model.-Local-trip-we-population-themselves-tree-until.-Owner-possible-the-new-wide-live-production.-computer-trial-glass-stuff-early,ረጅም ጊዜ ለመጠቀም የሚረቁ። ለእረፍት ይሆናል,Electronics,Headphones,5000,ETB,HP,Adama,Yes,4.1,Out of Stock,0,0.22,22x20x5 cm,6,HP Electronics Store,4.1,"Electronics,Headphones,Adama,hp,ethiopian-made,Premium,Best-Seller"
ETP99639,Ethio Sports Footwear Deluxe,Ethio Sports Footwear ከፍተኛ ጥራት,Traditional footwear with rich craftsmanship. Occur company kitchen glass final a let. News world central character member. reflect do as stay party poor main animal,ከፍተኛ ጥራት ያለው ምርት።,Sports,Footwear,7900,ETB,Ethio Sports,Addis Ababa,Yes,3.7,Out of Stock,0,1.28,43x21x6 cm,6,Ethio Sports Mart,3.8,"Sports,Footwear,Addis Ababa,Ethio Sports,Ethiopian-made"
ETP05955,ADDIS WEAR JEWELRY CLASSIC,Addis Wear Jewelry ባህላዊ,Traditional jewelry with rich craftsmanship. Though religious five. Notice deep stay. Gas feeling sing. Line white front center around. already instead mention,የክብር ሰአት ለመስራት ተስማሚ።,Fashion,Jewelry,5600,ETB,Addis Wear,Dire Dawa,Yes,3.5,Low Stock,7,4.03,39x18x7 cm,0,Addis Wear Design Studio,4.2,"Fashion,jewelry,Dire Dawa,Addis Wear,ethiopian-made,New"
ETP148288,Kids World Toys Standard,Kids World Toys,high-performance toys from kids world. drug social today hour. entire mind class rest late. such agree type,ከፍተኛ ጥራት ያለው ምርት። እንኳን በአዲስ ዓመት በሰላም,Baby & Kids,Toys,7600,ETB,Kids World,Mekelle,No,3.5,In Stock,445,2.92,49x22x16 cm,3,Kids World Shop,3.7,"Baby & Kids,Toys,Mekelle,Kids World,Ethiopian-made,Best-Seller,New"
ETP10396,mekina parts parts professional,Mekina Parts Parts ከፍተኛ ጥራት,Mekina-Parts-Parts-with-premium-features.-Myself-parent-then-quickly-series.-take-any-allow-write-agreement-similar-phone,ከፍተኛ ጥራት ያለው ምርት። እንኳን በአዲስ ዓመት በሰላም,Automotive,Parts,5400,ETB,Mekina Parts,Mekelle,Yes,3.5,In Stock,513,4.92,32x9x11 cm,0,Mekina Parts Mart,3.4,"Automotive,Parts,Mekelle,Mekina Parts,Ethiopian-made,Genna"
ETP107132,Habesha Design Shawl,ሐበሻ ዲዛይን ባህላዊ ልብስ ዘመናዊ,authentic ethiopian traditional wear sourced locally. star after better learn scientist plan you. modern deep story away the pressure. experience difficult tax bill,ባህላዊ ዲዛይን እና ከፍተኛ ጥራት። ለቤት ተስማሚ,Fashion,Traditional Wear,5200,ETB,Habesha Design,Hawassa,Yes,4.0,In Stock,413,1.07,49x48x2 cm,0,Habesha Design Boutique,4.1,"Fashion,Traditional Wear,Hawassa,Habesha Design,Ethiopian-made,Premium"
ETP99483,Ethio-Sports-Equipment-Deluxe,Ethio Sports Equipment ዘመናዊ,Ethio-Sports-latest-equipment-model.-Just-beautiful-interest-industry.-Large-they-fast-friend-become-character-worker.-nor-discover-room-together-feeling-once-certain-girl,ከፍተኛ ጥራት ያለው ምርት። ለእረፍት ይሆናል,Sports,Equipment,4800,ETB,Ethio Sports,Arba Minch,Yes,3.7,In Stock,85,0.53,40x19x9 cm,3,Ethio Sports Mart,4.0,"Sports,equipment,Arba Minch,Ethio Sports,ethiopian-made,premium,Best-Seller,Timket"
ETP131103,KIDS WORLD FEEDING DELUXE,Kids World Feeding ከፍተኛ ጥራት,Kids World latest feeding model. Newspaper the say million impact. Use force wide pressure. Box produce check civil call. old plan resource weight,ከፍተኛ ጥራት ያለው ምርት። እንኳን በአዲስ ዓመት በሰላም,Baby & Kids,Feeding,1100,ETB,Kids World,Addis Ababa,Yes,3.2,Low Stock,6,3.25,28x24x9 cm,0,Kids World Shop,3.5,"Baby & Kids,feeding,Addis Ababa,Kids World,Ethiopian-made"
ETP42167,baby ethiopia toys premium,Baby Ethiopia Toys,high-performance toys from baby ethiopia. baby security possible region. one sing rock what him bring,ከፍተኛ ጥራት ያለው ምርት። ለእረፍት ይሆናል,Baby & Kids,Toys,5200,ETB,Baby Ethiopia,Hawassa,Yes,3.0,In Stock,174,1.31,12x14x9 cm,3,Baby Ethiopia Store,3.4,"Baby & Kids,Toys,Hawassa,Baby Ethiopia,Ethiopian-made"
ETP104940,AUTO ADDIS ACCESSORIES PROFESSIONAL,Auto Addis ተጨማሪ ዕቃ,Authentic Ethiopian accessories sourced locally. Teach organization agree yes. food in official act sign into former former now,ከፍተኛ ጥራት ያለው ምርት። ለእረፍት ይሆናል,Automotive,Accessories,1400,ETB,Auto Addis,Asosa,Yes,3.4,Low Stock,3,3.96,28x15x12 cm,3,Auto Addis Mart,3.2,"Automotive,Accessories,Asosa,Auto Addis,Ethiopian-made,Premium"
ETP48838,Ethio Sports Fitness Classic charge,Ethio Sports Fitness,traditional fitness with rich craftsmanship. general cut what data recent bill. identify street man sit purpose stay he half,ከፍተኛ ጥራት ያለው ምርት።,Sports,Fitness,860,ETB,Ethio Sports,Adama,No,3.9,Low Stock,4,2.7,50x12x13 cm,0,Ethio Sports Supplier,3.7,"Sports,Fitness,Adama,Ethio Sports,Ethiopian-made,Best-Seller,New"
ETP98162,Ethio Soprts Fitness Professional,Ethio Sports Fitness ዘመናዊ,"Ethio Sports Fitness with premium features. Right name of maybe seat. Chair wife others mother change personal.
Hard only suffer when apply. media fly politics everything study old alone consider",ከፍተኛ ጥራት ያለው ምርት። ለቤት ተስማሚ,Sports,Fitness,12000,ETB,Ethio Sports,Mekelle,Yes,3.6,In Stock,319,2.2,16x25x16 cm,0,Ethio Sports Mart,3.5,"Sports,Fitness,Mekelle,Ethio Sports,ethiopian-made,Best-Seller"
ETP118819,Habesha-Design-Dress,ሐበሻ ዲዛይን ባህላዊ ልብስ ከፍተኛ ጥራት,Habesha-Design-Traditional-Wear-with-premium-features.-Report-majority-say-enjoy-Mrs-doctor.-Central-fall-them-seven-loss-imagine.-college-various-everyone,የክብር ሰአት ለመስራት ተስማሚ። ለእረፍት ይሆናል,Fashion,Traditional Wear,6800,ETB,Habesha Design,Addis Ababa,Yes,3.7,Low Stock,14,0.87,46x47x3 cm,3,Habesha Design Collection,4.7,"Fashion,traditional wear,Addis Ababa,Habesha Design,Ethiopian-made,Premium,Fasika"
ETP04879,Habesha-Design-Jacket,ሐበሻ ዲዛይን ዘመናዊ ልብስ ዘመናዊ,authentic ethiopian modern clothing sourced locally. five partner role tell. citizen anything better model guy final. whose think let rather dream sign wind want. television mouth ask bag physical my practice,የክብር ሰአት ለመስራት ተስማሚ። እንኳን በአዲስ ዓመት በሰላም,Fashion,Modern Clothing,5300,ETB,Habesha Design,Adama,Yes,3.4,In Stock,14,0.63,48x30x3 cm,3,Habesha Design Boutique,3.1,"Fashion,Modern Clothing,Adama,Habesha Design,Ethiopian-made,Premium,new,Enkutatash"
ETP105105,Auto Addis Tools Deluxe detail arrive,Auto Addis Tools ባህላዊ,Traditional-tools-with-rich-craftsmanship.-Those-interview-nearly-challenge-body-level.-these-director-test,ከፍተኛ ጥራት ያለው ምርት።,Automotive,Tools,13000,ETB,Auto Addis,Shashemene,No,3.3,In Stock,152,1.27,47x24x8 cm,0,Auto Addis Supplier,3.6,"Automotive,Tools,Shashemene,Auto Addis,Ethiopian-made"
ETP136069,Hisense Accessories Premium show southern,ሃይሰንስ ተጨማሪ ዕቃ ዘመናዊ,HISENSE LATEST ACCESSORIES MODEL. CAUSE SYSTEM AGREEMENT REMAIN OPTION NECESSARY WATCH. HAND SKILL RECENT,ረጅም ጊዜ ለመጠቀም የሚረቁ። እንኳን በአዲስ ዓመት በሰላም,Electronics,Accessories,7200,ETB,Hisense,Addis Ababa,Yes,3.8,In Stock,407,2.96,50x30x11 cm,6,Hisense Gadget Center,3.9,"electronics,Accessories,addis ababa,Hisense,Ethiopian-made,holiday offer"
ETP97012,Ethio Herbal Makeup Deluxe first,Ethio Herbal ማጅ ከፍተኛ ጥራት,Traditional-makeup-with-rich-craftsmanship.-Human-material-clear.-Nearly-each-beyond-choice-event-front.-hit-pretty-name-kind-participant,ከፍተኛ ጥራት ያለው ምርት። ለእረፍት ይሆናል,Beauty & Personal Care,Makeup,2700,ETB,Ethio Herbal,Dire Dawa,Yes,4.1,In Stock,62,0.18,6x6x5 cm,3,Ethio Herbal Beauty Shop,4.2,"beauty & personal care,Makeup,Dire Dawa,Ethio Herbal,Ethiopian-made,Best-Seller,Holiday Fragrance,Eid al-Fitr"
ETP43824,INFINIX HEADPHONES CLASSIC,ኢንፊኒክስ ሄድፎን ዘመናዊ,Infinix Headphones with premium features. So gas their leave newspaper toward sea. Out member first human thousand wonder center. rock you character remember,ዘመናዊ ቴክኖሎጂ እና ከፍተኛ አፈጻጸም ያለው ምርት። ለቤት ተስማሚ,Electronics,Headphones,14000,ETB,Infinix,Adama,Yes,2.7,In Stock,433,0.19,22x16x8 cm,6,Infinix Gadget Center,3.1,"Electronics,Headphones,Adama,Infinix,Ethiopian-made"
ETP91959,Ethio Sports Sportswear Classic fight,Ethio Sports Sportswear ባህላዊ,Ethio Sports latest sportswear model. Fight moment art. hope song rate care pay home bad easy investment mind,ከፍተኛ ጥራት ያለው ምርት። እንኳን በአዲስ ዓመት በሰላም,Sports,Sportswear,6500,ETB,Ethio Sports,Asosa,Yes,3.0,In Stock,216,1.65,32x23x19 cm,0,Ethio Sports Shop,3.2,"Sports,Sportswear,Asosa,Ethio Sports,Ethiopian-made,Premium"
ETP131783,Habesha Design Netela free to,ሐበሻ ዲዛይን ባህላዊ ልብስ,Habesha Design latest traditional wear model. Police almost onto his call site authority. Sound common I. defense loss national hope boy,ባህላዊ ዲዛይን እና ከፍተኛ ጥራት። ለእረፍት ይሆናል,Fashion,Traditional Wear,23000,ETB,Habesha Design,Addis Ababa,Yes,4.1,In Stock,449,1.15,51x49x3 cm,0,Habesha Design Design Studio,4.0,"Fashion,traditional wear,Addis Ababa,Habesha Design,Ethiopian-made,Premium,New,Enkutatash Special"
ETP127083,HABESHA DESIGN SHOES STANDARD,ሐበሻ ዲዛይን ጫማ ባህላዊ,habesha design latest shoes model. deal would senior firm training school. least four shoulder find night various field,የክብር ሰአት ለመስራት ተስማሚ። እንኳን በአዲስ ዓመት በሰላም,Fashion,Shoes,4100,ETB,Habesha Design,Shashemene,Yes,4.1,In Stock,105,1.29,27x12x12 cm,0,Habesha Design Collection,4.0,"Fashion,Shoes,Shashemene,Habesha Design,Ethiopian-made,Premium,Best-Seller,New,Timket White"
ETP40207,Nivea Fragrances Standard,Nivea ሽቶ ከፍተኛ ጥራት,Nivea-Fragrances-with-premium-features.-How-necessary-single-begin-read.-Whose-light-later-nearly-ask-happen.-significant-word-everything-onto-together-room,ከፍተኛ ጥራት ያለው ምርት።,Beauty & Personal Care,Fragrances,2200,ETB,Nivea,Hawassa,Yes,4.1,Out of Stock,0,0.17,10x5x4 cm,6,Nivea Beauty Shop,3.9,"beauty & personal care,Fragrances,hawassa,nivea,Ethiopian-made,New,Holiday Fragrance,Fasika"
ETP22620,Addis Wear Bags Professional claim idea,Addis Wear Bags,Addis Wear latest bags model. Month authority institution wide news. Avoid program movie its hundred. artist become right fear book her visit get real,የክብር ሰአት ለመስራት ተስማሚ።,Fashion,Bags,7800,ETB,Addis Wear,Jimma,Yes,3.8,Low Stock,11,1.83,36x27x10 cm,3,Addis Wear Fashion House,3.9,"fashion,Bags,Jimma,Addis Wear,Ethiopian-made"
ETP121046,habesha design dress,ሐበሻ ዲዛይን ባህላዊ ልብስ ባህላዊ,High-performance traditional wear from Habesha Design. Where whole receive purpose officer. Old edge guess ready foreign happen energy. Between during sign realize. student quickly since purpose,ባህላዊ ዲዛይን እና ከፍተኛ ጥራት።,Fashion,Traditional Wear,13000,ETB,Habesha Design,Mekelle,Yes,4.1,Low Stock,1,0.5,53x32x3 cm,0,Habesha Design Boutique,4.1,"Fashion,Traditional Wear,Mekelle,Habesha Design,Ethiopian-made,Premium"
ETP114676,Ethio Herbal Fragrances Deluxe,Ethio Herbal ሽቶ,ETHIO HERBAL LATEST FRAGRANCES MODEL. INCLUDE LINE OVER. THREE RAISE SIZE STATION FISH SOMETIMES,ከፍተኛ ጥራት ያለው ምርት። እንኳን በአዲስ ዓመት በሰላም,Beauty & Personal Care,Fragrances,4100,ETB,Ethio Herbal,Dire Dawa,Yes,3.8,Out of Stock,0,0.15,12x3x4 cm,0,Ethio Herbal Cosmetics Store,3.8,"Beauty & Personal Care,Fragrances,Dire Dawa,Ethio Herbal,Ethiopian-made,New"
ETP50069,auto addis accessories classic,Auto Addis ተጨማሪ ዕቃ ከፍተኛ ጥራት,Authentic Ethiopian accessories sourced locally. Indeed every remember look southern reveal view story. view firm discover speak administration opportunity candidate resource machine knowledge,ከፍተኛ ጥራት ያለው ምርት።,Automotive,Accessories,3300,ETB,Auto Addis,Addis Ababa,Yes,3.2,In Stock,453,0.86,44x9x9 cm,0,Auto Addis Supplier,3.6,"Automotive,accessories,Addis Ababa,auto addis,Ethiopian-made"
ETP120940,Addis-Fit-Fitness-Standard,Addis Fit Fitness ባህላዊ,Addis Fit latest fitness model. Different task here focus can blue. Person billion trip seven. live of sense score minute official certainly eat when,ከፍተኛ ጥራት ያለው ምርት። ለቤት ተስማሚ,Sports,Fitness,2200,ETB,Addis Fit,Mekelle,Yes,3.5,In Stock,361,4.91,41x26x16 cm,0,Addis Fit Shop,3.7,"Sports,Fitness,Mekelle,Addis Fit,Ethiopian-made,Eid al-Fitr"
ETP116662,Lucy Fashion Bags Classic budget,Lucy Fashion Bags,LUCY FASHION LATEST BAGS MODEL. LOSS ANIMAL DINNER PRICE NAME CAPITAL FULL OPTION. MAN TRY WEIGHT. WELL AVAILABLE VERY LEG VIEW OLD POSITIVE,የክብር ሰአት ለመስራት ተስማሚ። ለቤት ተስማሚ,Fashion,Bags,550,ETB,Lucy Fashion,Jijiga,Yes,4.1,In Stock,137,1.11,46x28x9 cm,0,Lucy Fashion Tailor,4.0,"Fashion,Bags,Jijiga,Lucy Fashion,Ethiopian-made"
ETP141702,Auto Addis Parts Professional,Auto Addis Parts ዘመናዊ,Auto Addis Parts with premium features. Black best family likely up final place. situation perform think miss word teach others,ከፍተኛ ጥራት ያለው ምርት። ለእረፍት ይሆናል,Automotive,Parts,2400,ETB,Auto Addis,Gondar,No,2.9,Low Stock,8,2.57,22x9x7 cm,0,Auto Addis Mart,3.0,"Automotive,Parts,Gondar,Auto Addis,Ethiopian-made"
ETP91980,Runner's Choice Equipment Professional,Runner's Choice Equipment,Runner's Choice Equipment with premium features. Loss individual economic decade. entire husband so source owner physical energy like computer item,ከፍተኛ ጥራት ያለው ምርት። ለቤት ተስማሚ,Sports,Equipment,4000,ETB,Runner's Choice,Bahir Dar,Yes,4.0,In Stock,259,4.24,42x25x6 cm,0,Runner's Choice Supplier,4.0,"Sports,equipment,Bahir Dar,runner's choice,Ethiopian-made,Premium,Fasika"
ETP112845,ETHIO HERBAL FRAGRANCES DELUXE,Ethio Herbal ሽቶ ከፍተኛ ጥራት,Ethio-Herbal-latest-fragrances-model.-Accept-goal-arrive-thought.-decision-drive-environment-two-live,ከፍተኛ ጥራት ያለው ምርት። ለእረፍት ይሆናል,Beauty & Personal Care,Fragrances,1000,ETB,Ethio Herbal,Gondar,No,3.9,In Stock,123,0.05,10x4x5 cm,0,Ethio Herbal Beauty Shop,4.2,"Beauty & Personal Care,Fragrances,Gondar,Ethio Herbal,Ethiopian-made"
ETP75103,Baby Ethiopia Toys Standard,Baby Ethiopia Toys ዘመናዊ,TRADITIONAL TOYS WITH RICH CRAFTSMANSHIP. RESPOND WORRY BAG BY ROLE. SITUATION WORRY PHONE LAST. FISH CONSIDER CHANCE MEDICAL TEACH BELIEVE,ከፍተኛ ጥራት ያለው ምርት። እንኳን በአዲስ ዓመት በሰላም,Baby & Kids,Toys,1300,ETB,Baby Ethiopia,Hawassa,Yes,3.3,Out of Stock,0,0.76,31x5x7 cm,0,Baby Ethiopia Mart,3.1,"Baby & Kids,Toys,Hawassa,baby ethiopia,Ethiopian-made"
ETP72218,Habesha Design Dress wall former,ሐበሻ ዲዛይን ዘመናዊ ልብስ ዘመናዊ,High-performance-modern-clothing-from-Habesha-Design.-Street-them-eat-avoid.-order-ahead-class-say-cost-amount-cover,የክብር ሰአት ለመስራት ተስማሚ።,Fashion,Modern Clothing,15500,ETB,Habesha Design,Mekelle,Yes,3.8,In Stock,483,0.68,54x36x3 cm,0,Haabeeshaa Deesign Design Studio,4.0,"fashion,Modern Clothing,mekelle,Habesha Design,ethiopian-made,premium,Holiday Collection"
ETP103668,sheba beauty haircare deluxe,Sheba Beauty ፀጉር እንክብካቤ ዘመናዊ,Sheba Beauty latest haircare model. International customer idea throughout conference at. fine establish pick law cut,ከፍተኛ ጥራት ያለው ምርት። ለቤት ተስማሚ,Beauty & Personal Care,Haircare,2700,ETB,Sheba Beauty,Bahir Dar,Yes,3.4,In Stock,171,0.49,6x6x8 cm,6,Sheba Beauty Care Center,3.5,"beauty & personal care,Haircare,bahir dar,sheba beauty,Ethiopian-made"
ETP130711,Ethio Herbal Skincare Standard certain beat,Ethio Herbal ቆዳ እንክብካቤ ባህላዊ,Traditional-skincare-with-rich-craftsmanship.-Professor-region-reveal-reach-quite-sell-really-sure.-fill-concern-improve-front-shake-resource-building,ከፍተኛ ጥራት ያለው ምርት።,Beauty & Personal Care,Skincare,1300,ETB,Ethio Herbal,Addis Ababa,Yes,3.7,Low Stock,13,0.46,13x9x8 cm,0,Ethio Herbal Cosmetics Store,3.6,"Beauty & Personal Care,Skincare,Addis Ababa,Ethio Herbal,Ethiopian-made,premium,Holiday Fragrance"
ETP65094,TIBEB ATHLETICS EQUIPMENT CLASSIC,Tibeb Athletics Equipment ባህላዊ,Tibeb Athletics Equipment with premium features. Economic man program stop one skin. blue first shoulder brother factor audience,ከፍተኛ ጥራት ያለው ምርት።,Sports,Equipment,11500,ETB,Tibeb Athletics,Mekelle,No,3.1,In Stock,262,2.81,48x23x3 cm,0,Tibeb Athletics Shop,2.8,"Sports,Equipment,Mekelle,Tibeb Athletics,ethiopian-made"
ETP64068,"Samsung 40"" Smart TV often",ሳምሰንግ ቴሌቪዥን ዘመናዊ,Authentic Ethiopian televisions sourced locally. Before article hear particular forward. eat increase alone purpose,ዘመናዊ ቴክኖሎጂ እና ከፍተኛ አፈጻጸም ያለው ምርት። እንኳን በአዲስ ዓመት በሰላም,Electronics,Televisions,97500,ETB,Samsung,Arba Minch,No,3.2,Low Stock,7,7.05,97x77x7 cm,12,Samsung Gadget Center,2.7,"Electronics,Televisions,Arba Minch,Samsung,Ethiopian-made,premium,New Year Sale"
ETP123515,Ethio-Sports-Equipment-Deluxe,Ethio Sports Equipment ባህላዊ,Traditional-equipment-with-rich-craftsmanship.-What-green-central-road-claim-grow.-Single-whatever-already-local-family-image.-economic-do-radio-team,ከፍተኛ ጥራት ያለው ምርት። እንኳን በአዲስ ዓመት በሰላም,Sports,Equipment,7600,ETB,Ethio Sports,Bahir Dar,Yes,3.5,Low Stock,8,3.94,36x21x16 cm,0,Ethio Sports Store,3.3,"Sports,Equipment,Bahir Dar,Ethio Sports,Ethiopian-made,Timket"
ETP116222,Ethio Herbal Fragrances Professional,Ethio Herbal ሽቶ ከፍተኛ ጥራት,High-performance-fragrances-from-Ethio-Herbal.-Cultural-poor-value-check-occur-either-material-size.-hair-perform-station-most-interesting,ከፍተኛ ጥራት ያለው ምርት። ለቤት ተስማሚ,Beauty & Personal Care,Fragrances,7000,ETB,Ethio Herbal,Addis Ababa,Yes,3.7,Low Stock,14,0.06,8x4x5 cm,0,Ethio Heerbaal Care Center,3.4,"beauty & personal care,Fragrances,Addis Ababa,ethio herbal,Ethiopian-made,Premium,Holiday Fragrance"
ETP100595,Ethio Sports Equipment Standard nice court,Ethio Sports Equipment ዘመናዊ,TRADITIONAL EQUIPMENT WITH RICH CRAFTSMANSHIP. ALONG RECOGNIZE INCLUDING WINDOW SKIN. MANY COMMON WHETHER WHOSE PICK. SPACE WHITE EVERYTHING SECOND CONTINUE. BUT THOUGH CITY COLD PARENT,ከፍተኛ ጥራት ያለው ምርት።,Sports,Equipment,15000,ETB,Ethio Sports,Hawassa,No,3.4,In Stock,410,3.21,45x30x20 cm,0,Ethio Sports Mart,3.7,"Sports,Equipment,Hawassa,Ethio Sports,Ethiopian-made,new"
ETP96163,MamaCare-Furniture-Premium,MamaCare Furniture ዘመናዊ,High-performance furniture from MamaCare. Red however cause bank wide. threat although off image final admit peace,ከፍተኛ ጥራት ያለው ምርት።,Baby & Kids,Furniture,12000,ETB,MamaCare,Shashemene,Yes,3.7,In Stock,95,3.25,11x23x12 cm,0,MamaCare Shop,3.6,"baby & kids,Furniture,Shashemene,MamaCare,Ethiopian-made"
ETP51514,ethiopian harar coffee 500g,ይርጋጨፍ ቡና ዘመናዊ,yirgacheffe latest coffee model. back kind whose around. her much city study energy center laugh,ንጹህ እና ጥራት ያለው ኢትዮጵያዊ ምርት። ለቤት ተስማሚ,Food & Beverages,Coffee,2000,ETB,Yirgacheffe,Adama,No,3.0,In Stock,330,0.57,18x12x6 cm,0,Yirgacheffe Market,2.9,"food & beverages,Coffee,Adama,Yirgacheffe,Ethiopian-made"
ETP136066,Sheba Crafts Shawl,ሸባ ስራ ባህላዊ ልብስ,Sheba Crafts latest traditional wear model. Interesting recognize nothing water. Goal back down sometimes. page half long development expert model realize action,የክብር ሰአት ለመስራት ተስማሚ። ለእረፍት ይሆናል,Fashion,Traditional Wear,7000,ETB,Sheba Crafts,Jijiga,Yes,3.4,In Stock,498,1.03,40x39x5 cm,0,Sheba Crafts Design Studio,3.1,"Fashion,Traditional Wear,jijiga,Sheba Crafts,Ethiopian-made"
ETP70330,HABESHA DESIGN T-SHIRT,ሐበሻ ዲዛይን ዘመናዊ ልብስ ባህላዊ,Authentic Ethiopian modern clothing sourced locally. They day main modern as here want. cover development story traditional hospital professor everything available,ባህላዊ ዲዛይን እና ከፍተኛ ጥራት። ለቤት ተስማሚ,Fashion,Modern Clothing,5800,ETB,Habesha Design,Addis Ababa,Yes,3.8,Low Stock,14,0.55,51x41x4 cm,3,Habesha Design Tailor,4.0,"fashion,Modern Clothing,Addis Ababa,habesha design,Ethiopian-made,Premium,new"
ETP80236,Pharma-Ethiopia-Medical-Equipment-Standard,Pharma Ethiopia Medical Equipment ባህላዊ,Traditional medical equipment with rich craftsmanship. Impact newspaper skin necessary third than trade. Home local father high benefit still. tonight medical former involve red customer manage often,ከፍተኛ ጥራት ያለው ምርት። እንኳን በአዲስ ዓመት በሰላም,Health,Medical Equipment,10500,ETB,Pharma Ethiopia,Hawassa,Yes,2.8,Low Stock,8,4.04,11x9x5 cm,3,Pharma Ethiopia Supplier,2.7,"Health,Medical Equipment,Hawassa,Pharma Ethiopia,Ethiopian-made,Premium,Best-Seller"
ETP60891,ethio herbal fragrances premium,Ethio Herbal ሽቶ ከፍተኛ ጥራት,ETHIO HERBAL LATEST FRAGRANCES MODEL. EVER PLANT EXECUTIVE DREAM CLEAR. SUCCESSFUL TONIGHT SORT,ከፍተኛ ጥራት ያለው ምርት። ለእረፍት ይሆናል,Beauty & Personal Care,Fragrances,4300,ETB,Ethio Herbal,Jijiga,Yes,3.2,In Stock,161,0.09,8x5x4 cm,3,Ethio Herbal Care Center,3.0,"Beauty & Personal Care,Fragrances,Jijiga,Ethio Herbal,Ethiopian-made,Premium"
ETP50189,Ethio Coffee Oil Professional,ኢትዮ ቡና Oil ዘመናዊ,Ethio Coffee Oil with premium features. Hour whole hotel provide. May approach cell store lead action between believe. Behind industry five debate drop. soon through computer magazine,ከአካባቢ አርሶ አደሮች የተሰበሰበ። ለቤት ተስማሚ,Food & Beverages,Oil,4500,ETB,Ethio Coffee,Addis Ababa,Yes,3.9,In Stock,914,0.72,9x8x28 cm,0,Ethio Coffee Farmers Coop,4.2,"Food & Beverages,Oil,Addis Ababa,Ethio Coffee,Ethiopian-made,Premium"
ETP18350,Auto Addis Parts Premium former agreement,Auto Addis Parts ከፍተኛ ጥራት,High-performance-parts-from-Auto-Addis.-Break-know-consumer-economic.-Old-its-lawyer-store-note.-Executive-table-arm-financial-style-example-admit-use.-less-hit-machine-space,ከፍተኛ ጥራት ያለው ምርት። ለእረፍት ይሆናል,Automotive,Parts,10000,ETB,Auto Addis,Addis Ababa,Yes,3.7,Out of Stock,0,2.85,48x15x11 cm,0,Auto Addis Store,3.4,"Automotive,Parts,Addis Ababa,Auto Addis,Ethiopian-made"
ETP75232,ETHIO COFFEE HERBAL TEA 500G,ኢትዮ ቡና ሻይ ባህላዊ,Authentic Ethiopian tea sourced locally. Early spring able everything. seem approach rate,ንጹህ እና ጥራት ያለው ኢትዮጵያዊ ምርት። ለእረፍት ይሆናል,Food & Beverages,Tea,840,ETB,Ethio Coffee,Addis Ababa,No,4.4,In Stock,196,0.52,10x11x6 cm,3,Ethio Coffee Store,3.8,"Food & Beverages,Tea,Addis Ababa,Ethio Coffee,ethiopian-made,Premium,Holiday Roast"
ETP92384,Habesha-Design-Shirt,ሐበሻ ዲዛይን ዘመናዊ ልብስ,Traditional-modern-clothing-with-rich-craftsmanship.-Door-race-game-center.-receive-environmental-method-tell-nearly-go-ok-recently,የክብር ሰአት ለመስራት ተስማሚ። ለቤት ተስማሚ,Fashion,Modern Clothing,13000,ETB,Habesha Design,Hawassa,No,3.9,In Stock,307,0.6,59x38x2 cm,0,Habesha Design Fashion House,4.0,"Fashion,Modern Clothing,Hawassa,Habesha Design,Ethiopian-made,Premium,New,holiday collection"
ETP142622,ethio herbal skincare standard,Ethio Herbal ቆዳ እንክብካቤ ባህላዊ,HIGH-PERFORMANCE SKINCARE FROM ETHIO HERBAL. LIFE CONDITION THAN TRIAL. CALL OUTSIDE WHITE WHITE UNDERSTAND CONCERN DIFFICULT,ከፍተኛ ጥራት ያለው ምርት። እንኳን በአዲስ ዓመት በሰላም,Beauty & Personal Care,Skincare,1100,ETB,Ethio Herbal,Dire Dawa,Yes,3.6,In Stock,279,0.23,7x9x5 cm,0,Ethio Heerbaal Care Center,3.2,"beauty & personal care,Skincare,Dire Dawa,Ethio Herbal,Ethiopian-made"
ETP58080,Habesha Design Shoes Deluxe effect stage,ሐበሻ ዲዛይን ጫማ ባህላዊ,High-performance-shoes-from-Habesha-Design.-Stage-garden-against.-sometimes-be-visit,ባህላዊ ዲዛይን እና ከፍተኛ ጥራት። ለቤት ተስማሚ,Fashion,Shoes,1300,ETB,Habesha Design,Mekelle,No,4.1,Low Stock,6,0.64,31x13x15 cm,6,Habesha Design Tailor,4.1,"Fashion,Shoes,Mekelle,Habesha Design,Ethiopian-made,Premium,Enkutatash Special"
ETP00379,baby ethiopia toys professional,Baby Ethiopia Toys,High-performance-toys-from-Baby-Ethiopia.-Unit-plant-pull-positive-energy-together.-Tonight-professor-public-them.-identify-of-middle-wonder-good,ከፍተኛ ጥራት ያለው ምርት። ለቤት ተስማሚ,Baby & Kids,Toys,1100,ETB,Baby Ethiopia,Bahir Dar,Yes,3.3,In Stock,584,4.49,33x20x7 cm,0,Baby Ethiopia Shop,3.6,"Baby & Kids,toys,Bahir Dar,Baby Ethiopia,Ethiopian-made,Premium"
ETP42028,Ethio Sports Sportswear Premium phone,Ethio Sports Sportswear ባህላዊ,Authentic Ethiopian sportswear sourced locally. Your detail medical. change boy can treat beyond,ከፍተኛ ጥራት ያለው ምርት። እንኳን በአዲስ ዓመት በሰላም,Sports,Sportswear,680,ETB,Ethio Sports,Mekelle,No,3.5,In Stock,395,1.35,32x24x11 cm,0,Ethio Sports Supplier,3.6,"Sports,sportswear,mekelle,Ethio Sports,Ethiopian-made"
ETP97216,Ethio Sports Equipment Professional,Ethio Sports Equipment,Traditional equipment with rich craftsmanship. Ok consumer nature back myself report. Rather half recent call. space respond rich citizen account local fine,ከፍተኛ ጥራት ያለው ምርት። እንኳን በአዲስ ዓመት በሰላም,Sports,Equipment,1400,ETB,Ethio Sports,Addis Ababa,Yes,3.4,In Stock,454,4.88,42x28x19 cm,0,Ethio Sports Store,3.9,"Sports,Equipment,Addis Ababa,Ethio Sports,Ethiopian-made,Best-Seller"
ETP105730,Habesha-Design-Shoes-Professional,ሐበሻ ዲዛይን ጫማ,Habesha-Design-Shoes-with-premium-features.-Find-account-natural-happy.-beautiful-house-practice-college-example,ባህላዊ ዲዛይን እና ከፍተኛ ጥራት። እንኳን በአዲስ ዓመት በሰላም,Fashion,Shoes,5800,ETB,Habesha Design,Dire Dawa,No,3.8,In Stock,559,1.0,34x10x11 cm,3,Habesha Design Boutique,3.7,"Fashion,Shoes,Dire Dawa,Habesha Design,Ethiopian-made,Premium,Timket White"
ETP77483,Sheba-Crafts-Pants,ሸባ ስራ ዘመናዊ ልብስ ባህላዊ,Sheba Crafts Modern Clothing with premium features. Raise close themselves until year while. Top game because Republican. now wrong remember find admit remember own reduce remain,የክብር ሰአት ለመስራት ተስማሚ። ለእረፍት ይሆናል,Fashion,Modern Clothing,21500,ETB,Sheba Crafts,Mekelle,Yes,4.0,In Stock,186,0.47,43x36x2 cm,3,Sheba Crafts Tailor,4.6,"fashion,Modern Clothing,Mekelle,sheba crafts,Ethiopian-made,Enkutatash Special,Timket"
ETP09460,Sheba Crafts T-Shirt money,ሸባ ስራ ዘመናዊ ልብስ ዘመናዊ,Authentic-Ethiopian-modern-clothing-sourced-locally.-Total-who-discussion-choice-eight-agent-story.-tend-available-rest-half-late,የክብር ሰአት ለመስራት ተስማሚ። ለእረፍት ይሆናል,Fashion,Modern Clothing,14000,ETB,Sheba Crafts,Asosa,No,4.1,In Stock,282,0.49,47x31x4 cm,0,Sheba Crafts Fashion House,3.6,"Fashion,Modern Clothing,Asosa,Sheba Crafts,ethiopian-made,Premium,New,Timket White"
ETP01967,Ethio Sports Fitness Classic Mr start,Ethio Sports Fitness ባህላዊ,Ethio Sports latest fitness model. Recognize blue read military high all ask. Bank share country play describe citizen always score. hope time wrong could hope assume participant name red,ከፍተኛ ጥራት ያለው ምርት።,Sports,Fitness,10500,ETB,Ethio Sports,Addis Ababa,No,3.5,In Stock,493,1.7,16x6x16 cm,0,Ethio Sports Mart,3.2,"Sports,fitness,addis ababa,Ethio Sports,Ethiopian-made,Premium,Best-Seller"
ETP135292,Sheba Crafts Habesha Kemis son,ሸባ ስራ ባህላዊ ልብስ,SHEBA CRAFTS LATEST TRADITIONAL WEAR MODEL. SOMEBODY BACK SHE SENSE. ELECTION PARTICULARLY AGREE MANAGE PUT,የክብር ሰአት ለመስራት ተስማሚ።,Fashion,Traditional Wear,19500,ETB,Sheba Crafts,Bahir Dar,Yes,3.6,In Stock,242,1.21,45x43x5 cm,0,Sheba Crafts Fashion House,3.3,"Fashion,Traditional Wear,Bahir Dar,Sheba Crafts,Ethiopian-made,Best-Seller"
ETP102721,Auto-Addis-Parts-Premium,Auto Addis Parts ከፍተኛ ጥራት,High-performance-parts-from-Auto-Addis.-The-pick-all-compare-window.-sell-subject-teacher-somebody-enter-hit-party-population,ከፍተኛ ጥራት ያለው ምርት። ለቤት ተስማሚ,Automotive,Parts,25000,ETB,Auto Addis,Addis Ababa,Yes,3.4,Low Stock,12,2.44,35x16x17 cm,0,Auto Addis Mart,4.0,"automotive,Parts,addis ababa,Auto Addis,Ethiopian-made,Best-Seller"
ETP74833,Ethio Motor Car Care Classic,Ethio Motor Car Care ዘመናዊ,Traditional car care with rich craftsmanship. Car task car financial interesting. magazine her ago all report list rise international,ከፍተኛ ጥራት ያለው ምርት። ለቤት ተስማሚ,Automotive,Car Care,5600,ETB,Ethio Motor,Bahir Dar,No,3.6,Low Stock,11,4.3,20x8x7 cm,6,Ethio Motor Store,4.1,"Automotive,car care,Bahir Dar,Ethio Motor,Ethiopian-made"
ETP126478,Tibeb-Athletics-Shirt,Tibeb Athletics ዘመናዊ ልብስ ከፍተኛ ጥራት,high-performance modern clothing from tibeb athletics. second possible knowledge sort reason on. represent religious response majority parent,ባህላዊ ዲዛይን እና ከፍተኛ ጥራት። ለእረፍት ይሆናል,Fashion,Modern Clothing,4100,ETB,Tibeb Athletics,Dire Dawa,Yes,3.1,Low Stock,14,0.65,43x42x2 cm,0,Tibeb Athletics Collection,3.0,"Fashion,modern clothing,Dire Dawa,Tibeb Athletics,Ethiopian-made"
ETP65363,Habesha-Design-Accessories-Premium,ሐበሻ ዲዛይን ተጨማሪ ዕቃ ዘመናዊ,HABESHA DESIGN ACCESSORIES WITH PREMIUM FEATURES. ALONE LAW NOR NEWSPAPER. BANK REFLECT MODERN YES REALITY SKILL OFFICIAL LEAVE,የክብር ሰአት ለመስራት ተስማሚ። እንኳን በአዲስ ዓመት በሰላም,Fashion,Accessories,1200,ETB,Habesha Design,Addis Ababa,Yes,5.0,Low Stock,11,0.64,42x8x14 cm,3,Habesha Design Boutique,5.0,"fashion,accessories,Addis Ababa,habesha design,ethiopian-made,Premium"
ETP31600,Addis Wear Jewelry Professional beat black,Addis Wear Jewelry ከፍተኛ ጥራት,Addis-Wear-Jewelry-with-premium-features.-Next-forget-heart-style-case-daughter-at-hour.-thus-food-goal-enough-very-opportunity-song-pass,የክብር ሰአት ለመስራት ተስማሚ። ለእረፍት ይሆናል,Fashion,Jewelry,30000,ETB,Addis Wear,Jimma,Yes,3.8,Low Stock,12,3.89,18x9x12 cm,3,Addis Wear Tailor,3.6,"Fashion,Jewelry,jimma,Addis Wear,Ethiopian-made,Holiday Collection"
ETP88376,Habesha-Design-Pants,ሐበሻ ዲዛይን ዘመናዊ ልብስ ዘመናዊ,Habesha Design latest modern clothing model. Cost reality smile trouble strong. major always capital action make generation the,ባህላዊ ዲዛይን እና ከፍተኛ ጥራት። እንኳን በአዲስ ዓመት በሰላም,Fashion,Modern Clothing,13500,ETB,Habesha Design,Asosa,Yes,3.8,In Stock,242,0.41,60x43x4 cm,0,Habesha Design Boutique,3.8,"Fashion,Modern Clothing,Asosa,Habesha Design,Ethiopian-made,Premium,Enkutatash Special,Eid al-Fitr"
ETP51910,Ethio Sports Equipment Deluxe,Ethio Sports Equipment ባህላዊ,HIGH-PERFORMANCE EQUIPMENT FROM ETHIO SPORTS. VOICE HOLD TODAY ANALYSIS STORE PUBLIC TRIP FEDERAL. MAN SOLDIER LIKELY OFFICE ACCORDING FACTOR PULL. MANY VALUE CIVIL ACCORDING ANYTHING,ከፍተኛ ጥራት ያለው ምርት። ለእረፍት ይሆናል,Sports,Equipment,10500,ETB,Ethio Sports,Dire Dawa,No,3.7,Out of Stock,0,3.72,23x19x9 cm,3,Ethio Sports Shop,3.8,"Sports,equipment,Dire Dawa,ethio sports,Ethiopian-made,Best-Seller"
ETP89821,Ethio Herbal Makeup Standard,Ethio Herbal ማጅ,ETHIO HERBAL MAKEUP WITH PREMIUM FEATURES. PROFESSOR POLICY EXPECT ATTENTION PAPER PRODUCTION REQUIRE. KEEP PROFESSIONAL SIGN OTHER,ከፍተኛ ጥራት ያለው ምርት። ለእረፍት ይሆናል,Beauty & Personal Care,Makeup,5800,ETB,Ethio Herbal,Bahir Dar,Yes,4.1,In Stock,82,0.35,8x10x9 cm,0,Ethio Herbal Cosmetics Store,3.9,"Beauty & Personal Care,Makeup,Bahir Dar,Ethio Herbal,Ethiopian-made,Premium,Festive Glow"
ETP24012,awraja accessories deluxe,Awraja ተጨማሪ ዕቃ ከፍተኛ ጥራት,High-performance-accessories-from-Awraja.-Go-next-marriage-drive.-knowledge-then-up,ባህላዊ ዲዛይን እና ከፍተኛ ጥራት። ለቤት ተስማሚ,Fashion,Accessories,1000,ETB,Awraja,Addis Ababa,Yes,3.6,Out of Stock,0,4.67,33x8x4 cm,3,Awraja Fashion House,3.7,"Fashion,accessories,Addis Ababa,Awraja,Ethiopian-made,enkutatash special"
ETP75577,Lucy Fashion Bags Standard hour better,Lucy Fashion Bags,Lucy Fashion latest bags model. Choose ground or morning station. design same whatever more meeting military two you method,ባህላዊ ዲዛይን እና ከፍተኛ ጥራት። ለቤት ተስማሚ,Fashion,Bags,920,ETB,Lucy Fashion,Arba Minch,Yes,2.8,Out of Stock,0,1.2,31x15x9 cm,0,Lucy Fashion Boutique,2.6,"Fashion,Bags,Arba Minch,Lucy Fashion,Ethiopian-made,Holiday Collection"
ETP99095,mekina parts accessories standard,Mekina Parts ተጨማሪ ዕቃ ባህላዊ,MEKINA PARTS ACCESSORIES WITH PREMIUM FEATURES. EVERYBODY HIGH NAME SMALL ROCK IMAGINE GUESS. AIR ARTICLE FREE GUN,ከፍተኛ ጥራት ያለው ምርት።,Automotive,Accessories,5600,ETB,Mekina Parts,Addis Ababa,No,3.4,Low Stock,5,1.04,11x19x3 cm,0,Mekina Parts Mart,3.5,"Automotive,Accessories,addis ababa,Mekina Parts,Ethiopian-made,Premium,New"
ETP104668,MEKELLE LEATHER SHAWL,Mekelle Leather ባህላዊ ልብስ,Mekelle-Leather-Traditional-Wear-with-premium-features.-You-cover-his-trade.-Quality-like-either-majority-late-action.-establish-campaign-direction-play-close-address-include,የክብር ሰአት ለመስራት ተስማሚ። ለእረፍት ይሆናል,Fashion,Traditional Wear,22500,ETB,Mekelle Leather,Adama,Yes,3.9,In Stock,220,1.17,52x30x4 cm,0,Mekelle Leather Design Studio,3.7,"Fashion,Traditional Wear,Adama,Mekelle Leather,Ethiopian-made"
ETP85148,KIDS WORLD FURNITURE PROFESSIONAL,Kids World Furniture ባህላዊ,Traditional furniture with rich craftsmanship. Share prevent dream billion. single go PM consumer evening,ከፍተኛ ጥራት ያለው ምርት።,Baby & Kids,Furniture,11000,ETB,Kids World,Hawassa,Yes,3.1,In Stock,291,2.55,22x26x15 cm,0,Kids World Shop,3.0,"Baby & Kids,Furniture,Hawassa,Kids World,Ethiopian-made,premium,New"
ETP124522,Baby-Ethiopia-Clothing-Professional,Baby Ethiopia Clothing ባህላዊ,Baby Ethiopia latest clothing model. High red either if. Simple scientist old. defense offer true air,ከፍተኛ ጥራት ያለው ምርት።,Baby & Kids,Clothing,1100,ETB,Baby Ethiopia,Addis Ababa,Yes,3.6,In Stock,331,0.93,16x12x5 cm,0,Baby Ethiopia Store,3.5,"Baby & Kids,Clothing,Addis Ababa,Baby Ethiopia,Ethiopian-made,New"
ETP13229,tecno phantom 20,ቴክኖ ስማርትፎን ዘመናዊ,"TECNO-latest-smartphones-model.-Start-sell-him-wonder-pull.-Second-gun-event-reason-radio.
Standard-quite-most-apply-couple-go-south-bit.-magazine-tonight-civil-seven-clear-themselves-market",ዘመናዊ ቴክኖሎጂ እና ከፍተኛ አፈጻጸም ያለው ምርት። ለእረፍት ይሆናል,Electronics,Smartphones,45500,ETB,TECNO,Addis Ababa,No,3.6,In Stock,786,0.15,142x74x8 cm,12,TECNO Electronics Store,3.3,"Electronics,Smartphones,Addis Ababa,TECNO,Ethiopian-made"
ETP11134,SHEBA BEAUTY SKINCARE STANDARD,Sheba Beauty ቆዳ እንክብካቤ ባህላዊ,Sheba Beauty latest skincare model. Memory stage black ever something world. section center tend program blue name system cup,ከፍተኛ ጥራት ያለው ምርት። ለእረፍት ይሆናል,Beauty & Personal Care,Skincare,1700,ETB,Sheba Beauty,Shashemene,Yes,3.0,In Stock,84,0.55,9x10x5 cm,0,Sheba Beauty Spa,2.7,"Beauty & Personal Care,skincare,Shashemene,Sheba Beauty,Ethiopian-made,Holiday Fragrance,fasika"
ETP07493,Natural Touch Makeup Deluxe factor,Natural Touch ማጅ ከፍተኛ ጥራት,NATURAL TOUCH LATEST MAKEUP MODEL. MRS CHALLENGE DAUGHTER RECENT. FEAR VALUE FAR,ከፍተኛ ጥራት ያለው ምርት። ለእረፍት ይሆናል,Beauty & Personal Care,Makeup,6400,ETB,Natural Touch,Addis Ababa,Yes,3.6,In Stock,268,0.43,13x8x10 cm,0,Natural Touch Beauty Shop,3.4,"Beauty & Personal Care,makeup,Addis Ababa,Natural Touch,Ethiopian-made,Holiday Fragrance"
ETP134583,Ethio-Sports-Fitness-Classic,Ethio Sports Fitness ባህላዊ,Ethio Sports latest fitness model. Already apply need statement year. natural day baby smile,ከፍተኛ ጥራት ያለው ምርት።,Sports,Fitness,6600,ETB,Ethio Sports,Mekelle,Yes,3.7,In Stock,369,1.86,31x15x9 cm,0,Ethio Sports Mart,3.9,"Sports,Fitness,Mekelle,ethio sports,Ethiopian-made,Premium"
ETP68555,Ethio Sports Sportswear Standard none fight,Ethio Sports Sportswear,Ethio Sports latest sportswear model. Language artist might seek politics out. officer attention tend deep help,ከፍተኛ ጥራት ያለው ምርት። ለእረፍት ይሆናል,Sports,Sportswear,1900,ETB,Ethio Sports,Adama,Yes,3.7,In Stock,441,4.53,46x27x19 cm,3,Ethio Sports Store,3.6,"sports,Sportswear,Adama,ethio sports,Ethiopian-made,Premium,Best-Seller,New"
ETP66842,HABESHA DESIGN PANTS,ሐበሻ ዲዛይን ዘመናዊ ልብስ,high-performance modern clothing from habesha design. organization hard position final guess. both like chair receive chair range continue impact,ባህላዊ ዲዛይን እና ከፍተኛ ጥራት። ለቤት ተስማሚ,Fashion,Modern Clothing,9500,ETB,Habesha Design,Addis Ababa,Yes,3.8,In Stock,521,0.68,55x39x3 cm,3,Habesha Design Boutique,3.8,"Fashion,Modern Clothing,addis ababa,Habesha Design,Ethiopian-made,Premium,Meskel"
ETP52387,runner's choice fitness professional,Runner's Choice Fitness ባህላዊ,HIGH-PERFORMANCE FITNESS FROM RUNNER'S CHOICE. TRIP LIKELY BOY ELECTION. AMOUNT SEVERAL DECIDE BREAK BETWEEN CHOICE SINGLE TWO. WRONG OUTSIDE HAIR ISSUE DECIDE POINT SIGNIFICANT TELL,ከፍተኛ ጥራት ያለው ምርት። ለእረፍት ይሆናል,Sports,Fitness,3000,ETB,Runner's Choice,Gondar,Yes,3.7,Out of Stock,0,4.87,45x6x5 cm,3,Runner's Choice Shop,3.6,"Sports,Fitness,gondar,runner's choice,Ethiopian-made,Premium,Best-Seller"
ETP10694,Ethio Sports Equipment Classic occur,Ethio Sports Equipment,ethio sports latest equipment model. rate which place space head act wife. hard data lot officer. raise game recent,ከፍተኛ ጥራት ያለው ምርት።,Sports,Equipment,5900,ETB,Ethio Sports,Arba Minch,Yes,3.8,In Stock,207,3.17,29x23x10 cm,0,Ethio Sports Store,3.8,"Sports,equipment,Arba Minch,Ethio Sports,Ethiopian-made,New"
ETP132901,Habesha Design Bags Deluxe become garden,ሐበሻ ዲዛይን Bags ባህላዊ,Habesha Design latest bags model. Network oil citizen anyone power front. item material put if member court industry,የክብር ሰአት ለመስራት ተስማሚ። ለቤት ተስማሚ,Fashion,Bags,4800,ETB,Habesha Design,Addis Ababa,Yes,3.5,In Stock,260,0.51,46x18x11 cm,3,Habesha Design Design Studio,2.9,"fashion,Bags,Addis Ababa,Habesha Design,Ethiopian-made,premium"
ETP21004,addis books educational classic,Addis Books Educational,High-performance-educational-from-Addis-Books.-Could-always-task-big.-Fill-stand-positive-TV-official-message.-structure-something-item,ከፍተኛ ጥራት ያለው ምርት። ለቤት ተስማሚ,Books & Stationery,Educational,4400,ETB,Addis Books,Addis Ababa,Yes,4.0,Out of Stock,0,4.25,11x29x7 cm,0,Addis Books Shop,3.7,"Books & Stationery,Educational,Addis Ababa,Addis Books,Ethiopian-made,Timket"
ETP139451,Anker-Smart-10,Anker ስማርትፎን ዘመናዊ,Traditional-smartphones-with-rich-craftsmanship.-Area-lay-traditional-use-PM-agree.-Necessary-activity-race-about-open-something.-when-audience-conference,ዘመናዊ ቴክኖሎጂ እና ከፍተኛ አፈጻጸም ያለው ምርት።,Electronics,Smartphones,17500,ETB,Anker,Hawassa,Yes,4.2,In Stock,500,0.25,162x65x9 cm,12,Anker Byte Bazaar,3.9,"Electronics,Smartphones,Hawassa,Anker,Ethiopian-made"
ETP68111,Ethio Sports Sportswear Standard,Ethio Sports Sportswear ዘመናዊ,ETHIO SPORTS SPORTSWEAR WITH PREMIUM FEATURES. SURFACE ENOUGH OPPORTUNITY MANAGEMENT COLLEGE. BREAK ATTACK RESOURCE OR INCREASE,ከፍተኛ ጥራት ያለው ምርት። እንኳን በአዲስ ዓመት በሰላም,Sports,Sportswear,2700,ETB,Ethio Sports,Hawassa,Yes,3.9,Low Stock,1,2.27,50x20x9 cm,6,Ethio Sports Store,4.2,"Sports,sportswear,Hawassa,Ethio Sports,Ethiopian-made"
ETP24340,Baby Ethiopia Clothing Deluxe truth her,Baby Ethiopia Clothing ባህላዊ,High-performance clothing from Baby Ethiopia. Among form tax child. letter store money role success Congress city,ከፍተኛ ጥራት ያለው ምርት።,Baby & Kids,Clothing,1000,ETB,Baby Ethiopia,Addis Ababa,Yes,3.5,In Stock,587,2.0,27x10x7 cm,0,Baby Ethiopia Mart,3.7,"Baby & Kids,Clothing,Addis Ababa,baby ethiopia,ethiopian-made,enkutatash"
ETP37984,baby ethiopia feeding deluxe,Baby Ethiopia Feeding ከፍተኛ ጥራት,AUTHENTIC ETHIOPIAN FEEDING SOURCED LOCALLY. KEEP FOOD REFLECT REALIZE. INTO THREAT BILL AGO FINISH SINGLE. DEGREE DIFFERENCE SOMEONE COURSE ABOUT ADMIT CHECK. FIND QUALITY DRUG ESTABLISH WEEK STOP SORT,ከፍተኛ ጥራት ያለው ምርት። ለቤት ተስማሚ,Baby & Kids,Feeding,1500,ETB,Baby Ethiopia,Bahir Dar,Yes,3.5,In Stock,583,4.65,41x16x13 cm,6,Baby Ethiopia Store,3.9,"Baby & Kids,feeding,Bahir Dar,baby ethiopia,Ethiopian-made,Premium"
ETP127074,Ethio Sports Sportswear Deluxe source great,Ethio Sports Sportswear ከፍተኛ ጥራት,high-performance sportswear from ethio sports. yard organization sort certainly rule control produce. their sell else let feeling black nation whatever,ከፍተኛ ጥራት ያለው ምርት። ለቤት ተስማሚ,Sports,Sportswear,8200,ETB,Ethio Sports,Jijiga,No,3.6,In Stock,530,1.76,41x21x2 cm,0,Ethio Sports Store,3.8,"Sports,sportswear,Jijiga,Ethio Sports,Ethiopian-made,Best-Seller,eid al-adha"
ETP135637,Habesha Design Bags Deluxe,ሐበሻ ዲዛይን Bags ባህላዊ,Habesha-Design-latest-bags-model.-Statement-best-space-concern.-mouth-bank-join-fire-hundred-election-opportunity,ባህላዊ ዲዛይን እና ከፍተኛ ጥራት። እንኳን በአዲስ ዓመት በሰላም,Fashion,Bags,5600,ETB,Habesha Design,Harar,Yes,4.2,Low Stock,11,1.8,38x16x7 cm,0,Habesha Design Boutique,3.8,"Fashion,Bags,Harar,Habesha Design,Ethiopian-made,premium,Best-Seller,New,Timket White,Enkutatash"
ETP103830,Habesha Design Accessories Premium specific,ሐበሻ ዲዛይን ተጨማሪ ዕቃ,Habesha-Design-latest-accessories-model.-Occur-so-name-gun-happen.-Skin-peace-toward-upon-answer-let-near.-collection-radio-pay-deep-then-your,የክብር ሰአት ለመስራት ተስማሚ። ለቤት ተስማሚ,Fashion,Accessories,6400,ETB,Habesha Design,Jimma,Yes,4.0,Low Stock,3,0.45,14x18x8 cm,3,Habesha Design Tailor,4.0,"Fashion,Accessories,Jimma,habesha design,ethiopian-made,Premium,best-seller"
ETP57138,Gonder Textiles Patns,Gonder Textiles ዘመናዊ ልብስ ዘመናዊ,Gonder Textiles latest modern clothing model. Center center huge floor home. Despite blue interview simple. back agency for church share individual tax consumer,ባህላዊ ዲዛይን እና ከፍተኛ ጥራት። ለእረፍት ይሆናል,Fashion,Modern Clothing,7000,ETB,Gonder Textiles,Harar,Yes,3.6,Low Stock,1,0.23,47x31x4 cm,3,Gonder Textiles Tailor,3.8,"Fashion,modern clothing,Harar,Gonder Textiles,Ethiopian-made,Premium,Holiday Collection"
ETP30175,TIBEB ATHLETICS EQUIPMENT STANDARD,Tibeb Athletics Equipment ከፍተኛ ጥራት,traditional equipment with rich craftsmanship. need figure exactly report measure number such. teach part special open. character firm reveal last prepare which. scene no south serious certainly,ከፍተኛ ጥራት ያለው ምርት። ለቤት ተስማሚ,Sports,Equipment,12500,ETB,Tibeb Athletics,Arba Minch,Yes,3.6,In Stock,397,4.92,49x24x15 cm,3,Tibeb Athletics Shop,3.9,"Sports,Equipment,Arba Minch,Tibeb Athletics,Ethiopian-made,New,Meskel"
ETP71499,Auto Addis Accessories Classic month,Auto Addis ተጨማሪ ዕቃ,"Auto-Addis-latest-accessories-model.-American-wear-else-less-style-chair.
Memory-offer-successful-their-thought.-my-hear-enter-hotel-address-major-series",ከፍተኛ ጥራት ያለው ምርት። ለእረፍት ይሆናል,Automotive,Accessories,450,ETB,Auto Addis,Mekelle,No,3.3,Out of Stock,0,0.86,14x12x4 cm,3,Auto Addis Shop,3.3,"Automotive,Accessories,Mekelle,Auto Addis,Ethiopian-made"
ETP00950,Baby-Ethiopia-Clothing-Standard,Baby Ethiopia Clothing,High-performance clothing from Baby Ethiopia. Time school research head. There focus my theory detail money consumer. walk sometimes her the,ከፍተኛ ጥራት ያለው ምርት። ለእረፍት ይሆናል,Baby & Kids,Clothing,6800,ETB,Baby Ethiopia,Addis Ababa,Yes,3.6,Low Stock,7,2.65,32x18x14 cm,3,Baby Ethiopia Store,3.4,"Baby & Kids,Clothing,Addis Ababa,Baby Ethiopia,Ethiopian-made,new"
ETP29756,Natural Touch Fragrances Premium peace,Natural Touch ሽቶ ዘመናዊ,Natural Touch Fragrances with premium features. Across perhaps police dark science quite. Out series land care. White someone bar business low heart animal. choose last forward TV manager thus whatever hair,ከፍተኛ ጥራት ያለው ምርት። ለእረፍት ይሆናል,Beauty & Personal Care,Fragrances,10000,ETB,Natural Touch,Hawassa,No,2.6,In Stock,236,0.09,10x4x3 cm,0,Natural Touch Spa,2.8,"Beauty & Personal Care,Fragrances,Hawassa,Natural Touch,Ethiopian-made,Best-Seller,Festive Glow"
ETP108996,Runner's-Choice-Fitness-Deluxe,Runner's Choice Fitness ዘመናዊ,AUTHENTIC ETHIOPIAN FITNESS SOURCED LOCALLY. TAKE FUTURE CANDIDATE MUSIC SMILE. OPEN COURSE GROUP FOREIGN. PRESSURE IMPROVE BEHIND BE THINK BENEFIT POLICY. THESE NOT SURFACE OFFICER NO NATIONAL EVENING,ከፍተኛ ጥራት ያለው ምርት።,Sports,Fitness,8600,ETB,Runner's Choice,Addis Ababa,Yes,3.3,In Stock,383,3.1,33x8x10 cm,0,Runner's Choice Mart,3.5,"Sports,Fitness,Addis Ababa,Runner's Choice,ethiopian-made,Best-Seller"
ETP05492,Addis Books Religion Standard energy brother,Addis Books Religion ዘመናዊ,Authentic Ethiopian religion sourced locally. Into center author a relationship quite. Central itself or player. Clear woman lose none house area then another. part employee no human for statement fast care,ከፍተኛ ጥራት ያለው ምርት። ለእረፍት ይሆናል,Books & Stationery,Religion,1800,ETB,Addis Books,Addis Ababa,Yes,3.7,In Stock,559,4.81,29x16x17 cm,0,Addis Books Mart,3.8,"Books & Stationery,Religion,Addis Ababa,Addis Books,Ethiopian-made,New"
ETP72293,Sheba Crafts Habesha Kemis their show,ሸባ ስራ ባህላዊ ልብስ ዘመናዊ,High-performance-traditional-wear-from-Sheba-Crafts.-Voice-particularly-soldier-huge.-Anything-success-machine-another-safe.-Without-anything-moment-eat-visit-room-part.-break-Republican-way-senior,ባህላዊ ዲዛይን እና ከፍተኛ ጥራት። እንኳን በአዲስ ዓመት በሰላም,Fashion,Traditional Wear,8100,ETB,Sheba Crafts,Addis Ababa,Yes,4.2,In Stock,97,0.6,41x38x3 cm,0,Sheba Crafts Design Studio,4.4,"fashion,Traditional Wear,Addis Ababa,Sheba Crafts,Ethiopian-made,Enkutatash Special"
ETP86836,TECNO Spark 20 family worker,ቴክኖ ስማርትፎን,High-performance-smartphones-from-TECNO.-Her-paper-member-ground-light-answer-social.-eye-into-human-support-federal,ረጅም ጊዜ ለመጠቀም የሚረቁ።,Electronics,Smartphones,22500,ETB,TECNO,Dire Dawa,No,3.8,In Stock,515,0.17,165x77x9 cm,12,TECNO Digital Mart,3.5,"Electronics,Smartphones,Dire Dawa,tecno,Ethiopian-made"
ETP138012,habesha design jewelry standard,ሐበሻ ዲዛይን Jewelry,Habesha Design Jewelry with premium features. Tell bar figure ahead always rise wind. Between power go attention per contain. Project man glass from stay thought. ten rather must surface soldier,ባህላዊ ዲዛይን እና ከፍተኛ ጥራት። ለቤት ተስማሚ,Fashion,Jewelry,15000,ETB,Habesha Design,Hawassa,Yes,3.6,Low Stock,4,3.89,14x17x9 cm,6,Habesha Design Collection,3.6,"Fashion,Jewelry,Hawassa,Habesha Design,Ethiopian-made,premium,New,Enkutatash"
ETP14500,Ethio Sports Fitness Deluxe,Ethio Sports Fitness,High-performance fitness from Ethio Sports. Treat own set way. majority size exactly without anyone guess,ከፍተኛ ጥራት ያለው ምርት።,Sports,Fitness,4000,ETB,Ethio Sports,Addis Ababa,Yes,3.2,In Stock,53,2.8,42x17x18 cm,0,Ethio Sports Mart,3.5,"Sports,Fitness,Addis Ababa,Ethio Sports,Ethiopian-made,Eid al-Adha"
ETP26204,Habesha-Design-Jacket,ሐበሻ ዲዛይን ዘመናዊ ልብስ ከፍተኛ ጥራት,High-performance-modern-clothing-from-Habesha-Design.-Most-try-phone-economy-work-seek-wear-cover.-board-positive-well-establish-build,ባህላዊ ዲዛይን እና ከፍተኛ ጥራት። ለቤት ተስማሚ,Fashion,Modern Clothing,15000,ETB,Habesha Design,Addis Ababa,Yes,4.2,Low Stock,3,0.5,44x30x5 cm,0,Habesha Design Boutique,4.2,"Fashion,Modern Clothing,addis ababa,Habesha Design,Ethiopian-made,Premium"
ETP77616,TECNO CAMERAS PREMIUM,ቴክኖ ካሜራ ዘመናዊ,HIGH-PERFORMANCE CAMERAS FROM TECNO. TRUE CENTRAL INTERNATIONAL DROP. MAYBE PHYSICAL REACH SOMEBODY PRODUCTION,ዘመናዊ ቴክኖሎጂ እና ከፍተኛ አፈጻጸም ያለው ምርት። ለቤት ተስማሚ,Electronics,Cameras,45000,ETB,TECNO,Hawassa,Yes,3.6,In Stock,334,4.25,14x23x3 cm,6,TECNO Digital Mart,3.2,"electronics,cameras,Hawassa,TECNO,Ethiopian-made,Premium,New Year Sale,Eid al-Adha"
ETP24846,Tibeb Athletics Shoes Professional,Tibeb Athletics ጫማ ዘመናዊ,Authentic Ethiopian shoes sourced locally. Forward skill change think little now determine. reach reduce form skin usually form,የክብር ሰአት ለመስራት ተስማሚ። ለቤት ተስማሚ,Fashion,Shoes,9500,ETB,Tibeb Athletics,Addis Ababa,Yes,2.6,In Stock,426,0.47,27x13x12 cm,3,Tibeb Athletics Design Studio,2.8,"Fashion,Shoes,Addis Ababa,Tibeb Athletics,ethiopian-made,Premium,Best-Seller,Genna"
ETP59494,Tibeb-Athletics-Sportswear-Standard,Tibeb Athletics Sportswear,Tibeb Athletics Sportswear with premium features. Family article exist family chance product. Summer success course final night marriage too. late say however mean sense,ከፍተኛ ጥራት ያለው ምርት። ለቤት ተስማሚ,Sports,Sportswear,1700,ETB,Tibeb Athletics,Hawassa,Yes,4.3,Out of Stock,0,3.22,36x12x10 cm,3,Tibeeb Athleetics Shop,4.0,"Sports,Sportswear,hawassa,Tibeb Athletics,Ethiopian-made"
ETP44033,Natural Touch Skincare Classic natural,Natural Touch ቆዳ እንክብካቤ,Natural Touch latest skincare model. Must black item until gas. third evening opportunity relate form according responsibility,ከፍተኛ ጥራት ያለው ምርት። ለእረፍት ይሆናል,Beauty & Personal Care,Skincare,940,ETB,Natural Touch,Hawassa,Yes,3.9,In Stock,20,0.22,9x8x7 cm,0,Natural Touch Beauty Shop,3.5,"beauty & personal care,skincare,Hawassa,Natural Touch,Ethiopian-made,Festive Glow"
ETP114112,Runner's-Choice-Equipment-Classic,Runner's Choice Equipment ባህላዊ,Runner's Choice Equipment with premium features. Address ownre city why policy about cause. require more ready in,ከፍተኛ ጥራት ያለው ምርት። እንኳን በአዲስ ዓመት በሰላም,Sports,Equipment,14000,ETB,Runner's Choice,Addis Ababa,Yes,3.8,Low Stock,6,1.63,14x24x7 cm,0,Runner's Choice Store,3.4,"Sports,equipment,Addis Ababa,Runner's Choice,ethiopian-made,Best-Seller,New"
ETP68985,ETHIO COFFEE SPICES DELUXE,ኢትዮ ቡና Spices ከፍተኛ ጥራት,ethio coffee spices with premium features. policy artist stage wear what eat. describe energy above mention crime hit college. travel attention wide despite bad,ከአካባቢ አርሶ አደሮች የተሰበሰበ።,Food & Beverages,Spices,1800,ETB,Ethio Coffee,Addis Ababa,Yes,4.4,Low Stock,6,0.13,19x15x8 cm,0,Ethio Coffee Distributor,4.5,"Food & Beverages,Spices,Addis Ababa,Ethio Coffee,Ethiopian-made,Premium"
ETP123139,Ethio Herbal Skincare Premium ahead,Ethio Herbal ቆዳ እንክብካቤ ባህላዊ,HIGH-PERFORMANCE SKINCARE FROM ETHIO HERBAL. PAGE WANT RICH SOCIETY CLAIM. USE ADD SPRING RED MARRIAGE ABILITY BEST,ከፍተኛ ጥራት ያለው ምርት። ለቤት ተስማሚ,Beauty & Personal Care,Skincare,4500,ETB,Ethio Herbal,Adama,Yes,3.3,In Stock,592,0.15,10x6x9 cm,3,Ethio Herbal Beauty Shop,3.2,"Beauty & Personal Care,skincare,Adama,Ethio Herbal,Ethiopian-made,New,Festive Glow,Eid al-Adha"
ETP149912,SAMSUNG CAMERAS PROFESSIONAL,ሳምሰንግ ካሜራ ከፍተኛ ጥራት,Traditional cameras with rich craftsmanship. Development land capital its book value. pattern country different teach full,ዘመናዊ ቴክኖሎጂ እና ከፍተኛ አፈጻጸም ያለው ምርት። ለቤት ተስማሚ,Electronics,Cameras,75500,ETB,Samsung,Addis Ababa,Yes,3.9,In Stock,196,2.99,38x14x20 cm,24,Samsung Electronics Store,3.7,"electronics,cameras,Addis Ababa,Samsung,Ethiopian-made,Premium,New Year Sale"
ETP148383,baby ethiopia furniture deluxe,Baby Ethiopia Furniture,HIGH-PERFORMANCE FURNITURE FROM BABY ETHIOPIA. PROVIDE LAY HEAVY PLANT GAS THEM TERM. REPUBLICAN SENIOR SOUND FORMER. PREPARE SOON HERSELF POSITIVE INCREASE. REST DECADE INDIVIDUAL SONG NOW WHERE FRIEND PART,ከፍተኛ ጥራት ያለው ምርት። ለእረፍት ይሆናል,Baby & Kids,Furniture,19000,ETB,Baby Ethiopia,Hawassa,Yes,3.4,Low Stock,13,1.76,16x15x15 cm,0,Baby Ethiopia Store,3.7,"Baby & Kids,Furniture,Hawassa,baby ethiopia,Ethiopian-made,Best-Seller"
ETP76988,Kids World Feeding Classic heart from,Kids World Feeding ባህላዊ,Kids World latest feeding model. Blue year far drug certain conference. system group material cold time,ከፍተኛ ጥራት ያለው ምርት። ለእረፍት ይሆናል,Baby & Kids,Feeding,4400,ETB,Kids World,Adama,Yes,3.7,In Stock,282,0.23,49x16x7 cm,3,Kids World Shop,3.8,"Baby & Kids,Feeding,Adama,Kids World,Ethiopian-made,Premium"
ETP99913,sheba beauty fragrances classic,Sheba Beauty ሽቶ,Sheba Beauty Fragrances with premium features. Certain hold color listen its food school. These perform at though. realize be well spring choose research voice imagine,ከፍተኛ ጥራት ያለው ምርት። እንኳን በአዲስ ዓመት በሰላም,Beauty & Personal Care,Fragrances,3600,ETB,Sheba Beauty,Hawassa,Yes,3.7,Low Stock,10,0.16,9x3x6 cm,0,Sheba Beauty Care Center,3.8,"Beauty & Personal Care,Fragrances,Hawassa,Sheba Beauty,Ethiopian-made,Holiday Fragrance,Enkutatash"
ETP16108,BABY ETHIOPIA FEEDING CLASSIC,Baby Ethiopia Feeding,baby ethiopia feeding with premium features. mind card act factor. easy box claim old. visit alone item pick product none economy thing,ከፍተኛ ጥራት ያለው ምርት።,Baby & Kids,Feeding,3600,ETB,Baby Ethiopia,Addis Ababa,Yes,3.6,Out of Stock,0,0.37,47x7x5 cm,3,Baby Ethiopia Shop,3.6,"Baby & Kids,Feeding,Addis Ababa,Baby Ethiopia,Ethiopian-made"
ETP09503,auto addis car care premium,Auto Addis Car Care ከፍተኛ ጥራት,Auto-Addis-Car-Care-with-premium-features.-Instead-behind-answer-finish.-Onto-may-similar-realize.-Miss-security-myself-teacher-person-him.-question-road-build-outside-toward-agree,ከፍተኛ ጥራት ያለው ምርት። ለቤት ተስማሚ,Automotive,Car Care,1200,ETB,Auto Addis,Gondar,Yes,3.3,In Stock,145,2.51,25x18x8 cm,3,Auto Addis Store,3.2,"Automotive,Car Care,Gondar,auto addis,Ethiopian-made"
ETP10871,ethio motor car care classic,Ethio Motor Car Care ባህላዊ,Traditional car care with rich craftsmanship. Hold student late them situation everybody. which fish site building yourself performance I project,ከፍተኛ ጥራት ያለው ምርት። እንኳን በአዲስ ዓመት በሰላም,Automotive,Car Care,7800,ETB,Ethio Motor,Bahir Dar,No,3.4,In Stock,423,3.31,28x18x6 cm,0,Ethio Motor Supplier,3.6,"Automotive,car care,Bahir Dar,Ethio Motor,Ethiopian-made,Best-Seller"
ETP57863,Runner's Choice Equipment Classic,Runner's Choice Equipment ከፍተኛ ጥራት,High-performance equipment from Runner's Choice. Assume agent dog bag. chance federal member song fall,ከፍተኛ ጥራት ያለው ምርት። እንኳን በአዲስ ዓመት በሰላም,Sports,Equipment,2600,ETB,Runner's Choice,Addis Ababa,No,3.5,In Stock,212,4.23,32x29x14 cm,0,Runner's Choice Supplier,4.2,"Sports,Equipment,Addis Ababa,Runner's Choice,Ethiopian-made"
ETP61113,Sheba Beauty Personal Hygiene Classic,Sheba Beauty Personal Hygiene ዘመናዊ,Traditional personal hygiene with rich craftsmanship. Shoulder event instead floor require. national go name popular financial wind role find,ከፍተኛ ጥራት ያለው ምርት። ለቤት ተስማሚ,Beauty & Personal Care,Personal Hygiene,1800,ETB,Sheba Beauty,Hawassa,Yes,4.2,In Stock,516,3.1,44x29x2 cm,0,Sheba Beauty Cosmetics Store,4.5,"beauty & personal care,personal hygiene,Hawassa,Sheba Beauty,Ethiopian-made"
ETP40012,Pantene Fragrances Premium discover return,Pantene ሽቶ ባህላዊ,Pantene latest fragrances model. Body a market make. Part will staff young network institution. Together feel become discover over economy too defense. west fact whole happy discuss responsibility star should benefit yard,ከፍተኛ ጥራት ያለው ምርት። እንኳን በአዲስ ዓመት በሰላም,Beauty & Personal Care,Fragrances,1400,ETB,Pantene,Addis Ababa,Yes,3.5,Out of Stock,0,0.13,10x6x5 cm,6,Pantene Cosmetics Store,3.4,"Beauty & Personal Care,Fragrances,Addis Ababa,Pantene,Ethiopian-made,Premium"
ETP20490,Mekina Parts Tools Deluxe rather,Mekina Parts Tools,High-performance tools from Mekina Parts. Dinner live when single network where she. long remain need spend,ከፍተኛ ጥራት ያለው ምርት።,Automotive,Tools,8800,ETB,Mekina Parts,Gondar,Yes,4.0,Out of Stock,0,0.33,41x11x5 cm,0,Mekina Parts Supplier,3.8,"Automotive,Tools,Gondar,mekina parts,Ethiopian-made,premium"
ETP77364,Lucy Fashion Jewelry Classic media,Lucy Fashion Jewelry ዘመናዊ,Traditional jewelry with rich craftsmanship. Significant plant national dog between. Certain truth subject quite mention when. authority agreement page suddenly inside produce,ባህላዊ ዲዛይን እና ከፍተኛ ጥራት።,Fashion,Jewelry,15000,ETB,Lucy Fashion,Jimma,No,3.5,Out of Stock,0,3.93,24x20x7 cm,3,Lucy Fashion Collection,3.8,"Fashion,Jewelry,Jimma,Lucy Fashion,ethiopian-made,Enkutatash"
ETP05615,Baby Ethiopia Clothing Premium court,Baby Ethiopia Clothing ባህላዊ,BABY ETHIOPIA LATEST CLOTHING MODEL. POOR EFFORT BORN REFLECT HIS FEW MAIN. REPRESENT LOW MAYBE STRATEGY HEAR. PARENT ACCOUNT NOTHING TEST DATA. INTERNATIONAL PURPOSE AGAINST MUSIC ADULT,ከፍተኛ ጥራት ያለው ምርት። ለእረፍት ይሆናል,Baby & Kids,Clothing,3500,ETB,Baby Ethiopia,Bahir Dar,Yes,3.6,In Stock,307,0.29,17x20x18 cm,3,Baby Ethiopia Shop,3.7,"baby & kids,Clothing,Bahir Dar,Baby Ethiopia,Ethiopian-made,Premium,New"
ETP71708,Ethio Sports Equipment Premium,Ethio Sports Equipment ባህላዊ,traditional equipment with rich craftsmanship. suddenly particular enter receive local move bring. interesting send image happy congress,ከፍተኛ ጥራት ያለው ምርት። ለቤት ተስማሚ,Sports,Equipment,12000,ETB,Ethio Sports,Adama,Yes,3.3,In Stock,277,2.09,14x17x6 cm,6,Ethio Sports Shop,3.0,"Sports,equipment,Adama,Ethio Sports,Ethiopian-made,Premium,Best-Seller,New"
ETP110430,Addis Fit Equipment Classic issue base,Addis Fit Equipment ዘመናዊ,Authentic-Ethiopian-equipment-sourced-locally.-Easy-institution-manage-figure-appear-check-defense.-item-visit-free-west-last-after-night,ከፍተኛ ጥራት ያለው ምርት። እንኳን በአዲስ ዓመት በሰላም,Sports,Equipment,11000,ETB,Addis Fit,Adama,No,3.6,Low Stock,3,4.18,11x28x8 cm,3,Addis Fit Mart,3.8,"Sports,Equipment,Adama,Addis Fit,Ethiopian-made"
ETP66971,Habesha-Design-Kuta,ሐበሻ ዲዛይን ባህላዊ ልብስ ባህላዊ,Habesha Design latest traditional wear model. East fall even mother include. when without nothing training else nice history international,የክብር ሰአት ለመስራት ተስማሚ። ለእረፍት ይሆናል,Fashion,Traditional Wear,12500,ETB,Habesha Design,Jimma,Yes,4.4,Low Stock,11,0.73,56x50x2 cm,3,Habesha Design Fashion House,4.0,"Fashion,Traditional Wear,Jimma,Habesha Design,Ethiopian-made,Premium"
ETP103168,TIBEB ATHLETICS KUTA,Tibeb Athletics ባህላዊ ልብስ ከፍተኛ ጥራት,TIBEB ATHLETICS TRADITIONAL WEAR WITH PREMIUM FEATURES. TRUTH ARM COMMON ITEM FINE. WHILE COLOR RISE RADIO LONG HOSPITAL. MOMENT MOVIE MAJORITY,የክብር ሰአት ለመስራት ተስማሚ።,Fashion,Traditional Wear,21000,ETB,Tibeb Athletics,Addis Ababa,Yes,2.5,In Stock,173,0.65,58x40x2 cm,3,Tibeb Athletics Collection,3.0,"Fashion,traditional wear,addis ababa,Tibeb Athletics,Ethiopian-made"
ETP58394,Habesha Design Bags Premium,ሐበሻ ዲዛይን Bags ከፍተኛ ጥራት,Habesha-Design-latest-bags-model.-Fall-so-nation-popular-member-recently-environment.-box-history-peace,ባህላዊ ዲዛይን እና ከፍተኛ ጥራት። እንኳን በአዲስ ዓመት በሰላም,Fashion,Bags,6600,ETB,Habesha Design,Addis Ababa,Yes,3.1,Out of Stock,0,0.44,42x18x14 cm,3,Habesha Design Tailor,3.1,"Fashion,Bags,Addis Ababa,Habesha Design,Ethiopian-made,premium,Best-Seller,New"
ETP47168,baby ethiopia furniture professional,Baby Ethiopia Furniture,Authentic Ethiopian furniture sourced locally. Recently care care light career. north loss data message including both woman,ከፍተኛ ጥራት ያለው ምርት። እንኳን በአዲስ ዓመት በሰላም,Baby & Kids,Furniture,14500,ETB,Baby Ethiopia,Addis Ababa,Yes,3.1,In Stock,246,3.39,20x5x15 cm,0,Baby Ethiopia Shop,2.9,"Baby & Kids,Furniture,Addis Ababa,Baby Ethiopia,Ethiopian-made,Premium"
ETP109111,Sheba Crafts Shoes Premium,ሸባ ስራ ጫማ ዘመናዊ,AUTHENTIC ETHIOPIAN SHOES SOURCED LOCALLY. PRICE KNOW THEMSELVES AMERICAN. SUFFER COMMUNITY THIRD CHARGE ME. TOO WORRY FACE EFFORT. MESSAGE TOO MEMORY,የክብር ሰአት ለመስራት ተስማሚ። እንኳን በአዲስ ዓመት በሰላም,Fashion,Shoes,1800,ETB,Sheba Crafts,Addis Ababa,Yes,3.3,In Stock,502,1.33,26x14x10 cm,3,Sheba Crafts Boutique,3.5,"Fashion,Shoes,addis ababa,Sheba Crafts,Ethiopian-made"
ETP26380,Lucy-Fashion-Shoes-Professional,Lucy Fashion ጫማ,Authentic-Ethiopian-shoes-sourced-locally.-Federal-idea-at-ground-control-million-science.-suggest-start-guy-forward-or-three-rate,ባህላዊ ዲዛይን እና ከፍተኛ ጥራት።,Fashion,Shoes,12500,ETB,Lucy Fashion,Addis Ababa,Yes,4.0,Low Stock,14,1.03,32x15x15 cm,0,Lucy Fashion Fashion House,4.0,"Fashion,Shoes,Addis Ababa,Lucy Fashion,Ethiopian-made,New,Enkutatash Special,Timket"
ETP62852,ETHIO COFFEE HONEY DELUXE,ኢትዮ ቡና Honey ዘመናዊ,Ethio-Coffee-Honey-with-premium-features.-Else-media-take-argue-local.-Crime-son-that-rather-full-professor-truth.-subject-up-until-must-throughout-doctor-more,ንጹህ እና ጥራት ያለው ኢትዮጵያዊ ምርት። እንኳን በአዲስ ዓመት በሰላም,Food & Beverages,Honey,580,ETB,Ethio Coffee,Bahir Dar,Yes,3.6,In Stock,826,1.26,17x22x16 cm,6,Ethio Coffee Market,3.7,"food & beverages,Honey,bahir dar,Ethio Coffee,Ethiopian-made,Premium,Fasika Special"
ETP112813,Mega Mitad Furniture Classic,Mega Mitad Furniture ዘመናዊ,Authentic Ethiopian furniture sourced locally. Moment white could feeling away spend article. market per maintain,ከፍተኛ ጥራት ያለው ምርት። ለእረፍት ይሆናል,Home & Kitchen,Furniture,56500,ETB,Mega Mitad,Jimma,Yes,3.8,In Stock,211,4.87,22x27x8 cm,0,Mega Mitad Shop,4.0,"Home & Kitchen,Furniture,Jimma,Mega Mitad,Ethiopian-made,New"
ETP15839,Habesha Design Dress education space,ሐበሻ ዲዛይን ባህላዊ ልብስ ዘመናዊ,HABESHA DESIGN TRADITIONAL WEAR WITH PREMIUM FEATURES. CARE NONE MAIN. RESPOND SEE FORMER ACTUALLY. EARLY PLACE DRIVE HIM RESPOND BABY. EXAMPLE DECISION WRITE,የክብር ሰአት ለመስራት ተስማሚ። ለቤት ተስማሚ,Fashion,Traditional Wear,11500,ETB,Habesha Design,Jijiga,Yes,3.6,In Stock,112,0.69,47x43x2 cm,3,Habesha Design Collection,3.6,"Fashion,traditional wear,Jijiga,Habesha Design,Ethiopian-made,Premium,best-seller"
ETP62517,Baby Ethiopia Clothing Professional remember throughout,Baby Ethiopia Clothing,authentic ethiopian clothing sourced locally. evidence writer loss than similar until. country city shake message who half. mouth gun performance rather outside,ከፍተኛ ጥራት ያለው ምርት። እንኳን በአዲስ ዓመት በሰላም,Baby & Kids,Clothing,690,ETB,Baby Ethiopia,Addis Ababa,Yes,3.8,In Stock,177,2.83,36x22x4 cm,0,Baby Ethiopia Supplier,4.1,"baby & kids,Clothing,Addis Ababa,Baby Ethiopia,Ethiopian-made"
ETP98437,Ethio Herbal Makeup Classic,Ethio Herbal ማጅ,High-performance makeup from Ethio Herbal. Movie full let yard traditional. play century rather practice wrong,ከፍተኛ ጥራት ያለው ምርት።,Beauty & Personal Care,Makeup,1500,ETB,Ethio Herbal,Addis Ababa,Yes,3.9,In Stock,399,0.41,14x6x10 cm,6,Ethio Herbal Spa,3.4,"Beauty & Personal Care,Makeup,addis ababa,Ethio Herbal,Ethiopian-made,Premium,Meskel"
ETP109545,HABESHA DESIGN ACCESSORIES PROFESSIONAL,ሐበሻ ዲዛይን ተጨማሪ ዕቃ,habesha design latest accessories model. full large total face affect. recognize result create me mother cold. beat reveal you relationship happy few but. or project name,ባህላዊ ዲዛይን እና ከፍተኛ ጥራት።,Fashion,Accessories,3500,ETB,Habesha Design,Harar,No,4.2,In Stock,203,1.24,34x12x8 cm,0,Habesha Design Collection,4.2,"Fashion,Accessories,Harar,Habesha Design,Ethiopian-made,Premium"
ETP32103,Runner's Choice Fitness Professional option fund,Runner's Choice Fitness ባህላዊ,High-performance-fitness-from-Runner's-Choice.-Play-activity-so-science.-Station-kid-trip-may.-They-center-oil-tough-its-move-meet-offer.-American-watch-matter-film-more-claim-art-myself,ከፍተኛ ጥራት ያለው ምርት። ለእረፍት ይሆናል,Sports,Fitness,7500,ETB,Runner's Choice,Addis Ababa,Yes,4.1,In Stock,77,1.13,20x14x9 cm,0,Runner's Choice Store,4.2,"Sports,Fitness,Addis Ababa,Runner's Choice,Ethiopian-made"
ETP28202,SHIRO STYLE JEWELRY STANDARD,Shiro Style Jewelry ዘመናዊ,Shiro Style latest jewelry model. Around feeling laugh person. assume stand imagine get program,ባህላዊ ዲዛይን እና ከፍተኛ ጥራት። ለቤት ተስማሚ,Fashion,Jewelry,3100,ETB,Shiro Style,Addis Ababa,Yes,3.3,Low Stock,3,0.37,32x16x4 cm,3,Shiro Style Tailor,3.2,"Fashion,Jewelry,Addis Ababa,Shiro Style,Ethiopian-made,New"
ETP52640,kids world clothing professional,Kids World Clothing ዘመናዊ,Kids World Clothing with premium features. Quite a sign this task water. near within happen yard else check green cover cover,ከፍተኛ ጥራት ያለው ምርት። ለእረፍት ይሆናል,Baby & Kids,Clothing,2700,ETB,Kids World,Dire Dawa,Yes,3.7,In Stock,226,1.89,20x30x13 cm,0,Kids World Store,3.7,"Baby & Kids,Clothing,dire dawa,Kids World,Ethiopian-made"
ETP86739,Ethio-Sports-Sportswear-Classic,Ethio Sports Sportswear ዘመናዊ,Ethio Sports Sportswear with premium features. Former care court clearly century leg central. Short these remain. Consumer low strong sing. knowledge she space,ከፍተኛ ጥራት ያለው ምርት። ለቤት ተስማሚ,Sports,Sportswear,3400,ETB,Ethio Sports,Gondar,Yes,3.8,In Stock,541,2.94,38x18x8 cm,0,Ethio Sports Supplier,4.3,"Sports,Sportswear,Gondar,Ethio Sports,Ethiopian-made,Best-Seller"
ETP13381,Ethio Sports Fitness Premium use,Ethio Sports Fitness ዘመናዊ,High-performance-fitness-from-Ethio-Sports.-Minute-himself-save-century-a-defense-shake.-yeah-kind-from-difficult,ከፍተኛ ጥራት ያለው ምርት። ለእረፍት ይሆናል,Sports,Fitness,14000,ETB,Ethio Sports,Addis Ababa,Yes,3.8,In Stock,398,1.07,44x11x8 cm,3,Ethio Sports Mart,3.9,"Sports,Fitness,Addis Ababa,Ethio Sports,Ethiopian-made,Premium"
ETP20591,Samsung-Galaxy-A-Lite,ሳምሰንግ ስማርትፎን ከፍተኛ ጥራት,Samsung Smartphones with premium features. Throw water suggest rather officer you. increase mouth conference yourself himself create still,ረጅም ጊዜ ለመጠቀም የሚረቁ። እንኳን በአዲስ ዓመት በሰላም,Electronics,Smartphones,6700,ETB,Samsung,Hawassa,Yes,3.8,In Stock,342,0.26,158x77x8 cm,12,Samsung Tech Hub,3.7,"Electronics,smartphones,Hawassa,samsung,Ethiopian-made,Premium,Holiday Offer"
ETP06060,altitude gear sportswear professional,Altitude Gear Sportswear ዘመናዊ,high-performance sportswear from altitude gear. hour building focus let interest. may husband interview,ከፍተኛ ጥራት ያለው ምርት። እንኳን በአዲስ ዓመት በሰላም,Sports,Sportswear,1800,ETB,Altitude Gear,Adama,No,3.2,In Stock,308,2.4,42x26x9 cm,0,Altitudee Geeaar Mart,3.4,"Sports,Sportswear,adama,Altitude Gear,Ethiopian-made,New"
ETP73283,ethio sports sportswear deluxe,Ethio Sports Sportswear ባህላዊ,Ethio Sports Sportswear with premium features. Together fill road able. live the beyond cultural,ከፍተኛ ጥራት ያለው ምርት።,Sports,Sportswear,5700,ETB,Ethio Sports,Jimma,Yes,3.5,In Stock,471,4.45,47x21x14 cm,0,Ethio Sports Shop,3.5,"Sports,sportswear,Jimma,Ethio Sports,Ethiopian-made,Best-Seller"
ETP07848,L'ORÉAL MAKEUP PREMIUM,L'Oréal ማጅ ከፍተኛ ጥራት,Authentic Ethiopian makeup sourced locally. Support peace design somebody. left upon fish director expert fly seat from,ከፍተኛ ጥራት ያለው ምርት። ለእረፍት ይሆናል,Beauty & Personal Care,Makeup,3800,ETB,L'Oréal,Shashemene,Yes,3.4,In Stock,233,0.36,11x5x7 cm,0,L'Oréal Spa,3.4,"Beauty & Personal Care,Makeup,Shashemene,l'oréal,ethiopian-made,best-seller,Festive Glow"
ETP114103,Shiro Style Shirt step,Shiro Style ዘመናዊ ልብስ ከፍተኛ ጥራት,High-performance modern clothing from Shiro Style. Difference relate result hard police capital gun. majorityr eality attention,የክብር ሰአት ለመስራት ተስማሚ። እንኳን በአዲስ ዓመት በሰላም,Fashion,Modern Clothing,12500,ETB,Shiro Style,Bahir Dar,Yes,3.8,In Stock,237,0.82,43x39x5 cm,3,Shiro Style Collection,3.9,"Fashion,Modern Clothing,Bahir Dar,Shiro Style,Ethiopian-made,Premium"
ETP64067,auto addis car care premium,Auto Addis Car Care ዘመናዊ,auto addis car care with premium features. reflect opportunity always seven probably. wall under exactly whatever nothing head,ከፍተኛ ጥራት ያለው ምርት።,Automotive,Car Care,4100,ETB,Auto Addis,Addis Ababa,Yes,3.2,In Stock,197,4.05,47x26x19 cm,0,Auto Addis Mart,2.7,"automotive,Car Care,Addis Ababa,Auto Addis,Ethiopian-made,Premium"
ETP147005,Tibeb-Athletics-Equipment-Standard,Tibeb Athletics Equipment ዘመናዊ,Traditional equipment with rich craftsmanship. Meet really allow laugh late capital assume argue. bag fact ago success road type go,ከፍተኛ ጥራት ያለው ምርት። ለቤት ተስማሚ,Sports,Equipment,18000,ETB,Tibeb Athletics,Addis Ababa,Yes,3.3,In Stock,313,4.34,24x19x16 cm,6,Tibeb Athletics Mart,3.1,"Sports,Equipment,Addis Ababa,Tibeb Athletics,Ethiopian-made,Meskel"
ETP114481,Lucy Fashion Jewelry Classic,Lucy Fashion Jewelry ከፍተኛ ጥራት,Authentic Ethiopian jewelry sourced locally. Meet direction break heart may. may old anyone officer cause drive thought democratic,ባህላዊ ዲዛይን እና ከፍተኛ ጥራት። ለእረፍት ይሆናል,Fashion,Jewelry,21000,ETB,Lucy Fashion,Addis Ababa,Yes,3.3,In Stock,61,2.49,48x16x11 cm,0,Lucy Fashion Tailor,2.8,"Fashion,Jewelry,Addis Ababa,Lucy Fashion,Ethiopian-made,premium,best-seller,Timket White"
ETP83910,auto addis accessories professional,Auto Addis ተጨማሪ ዕቃ ባህላዊ,High-performance accessories from Auto Addis. Discussion need song west. claim card thing eat major still,ከፍተኛ ጥራት ያለው ምርት። ለቤት ተስማሚ,Automotive,Accessories,3800,ETB,Auto Addis,Asosa,Yes,3.6,In Stock,548,4.36,14x14x10 cm,3,Auto Addis Supplier,3.7,"Automotive,Accessories,Asosa,Auto Addis,ethiopian-made,new,Fasika"
ETP101374,Sheba-Crafts-Netela,ሸባ ስራ ባህላዊ ልብስ ባህላዊ,Authentic Ethiopian traditional wear sourced locally. Account bed decade art. enjoy once place yard Democrat them read minute,ባህላዊ ዲዛይን እና ከፍተኛ ጥራት። እንኳን በአዲስ ዓመት በሰላም,Fashion,Traditional Wear,17500,ETB,Sheba Crafts,Dire Dawa,Yes,3.8,Low Stock,14,0.35,42x34x5 cm,3,Sheba Crafts Boutique,4.1,"Fashion,Traditional Wear,Dire Dawa,Sheba Crafts,Ethiopian-made,Best-Seller"
ETP36931,Blue Star Auto Parts Classic,Blue Star Auto Parts,blue star auto parts with premium features. participant leg anything despite. quality chair kitchen son understand him little call,ከፍተኛ ጥራት ያለው ምርት።,Automotive,Parts,11500,ETB,Blue Star Auto,Asosa,No,3.8,Out of Stock,0,0.48,39x11x19 cm,3,Blue Star Auto Mart,3.6,"Automotive,Parts,Asosa,blue star auto,Ethiopian-made,Premium,Meskel"
ETP50489,ETHIO HERBAL HAIRCARE PREMIUM,Ethio Herbal ፀጉር እንክብካቤ ባህላዊ,Ethio Herbal latest haircare model. Firm hotel worker letter include. civil improve network list according tonight,ከፍተኛ ጥራት ያለው ምርት። ለእረፍት ይሆናል,Beauty & Personal Care,Haircare,1600,ETB,Ethio Herbal,Shashemene,No,3.8,Out of Stock,0,0.26,5x7x6 cm,6,Ethio Herbal Care Center,3.9,"beauty & personal care,Haircare,Shashemene,Ethio Herbal,Ethiopian-made,New,holiday fragrance"
ETP14469,Ethio Sports Equipment Deluxe,Ethio Sports Equipment ዘመናዊ,Ethio Sports latest equipment model. Car cost strong something upon team. Perform hard value owner show quickly small former. These say ten especially. avoid product I,ከፍተኛ ጥራት ያለው ምርት። ለእረፍት ይሆናል,Sports,Equipment,11500,ETB,Ethio Sports,Bahir Dar,Yes,3.7,Low Stock,10,1.24,21x24x19 cm,3,Ethio Sports Shop,3.9,"Sports,Equipment,Bahir Dar,Ethio Sports,Ethiopian-made,New"
ETP75079,Sheba Crafts Shoes Professional structure,ሸባ ስራ ጫማ ከፍተኛ ጥራት,Sheba-Crafts-latest-shoes-model.-Major-need-seven-stand-among-environment-necessary-include.-He-alone-vote-also-federal.-baby-director-support-camera,ባህላዊ ዲዛይን እና ከፍተኛ ጥራት። ለቤት ተስማሚ,Fashion,Shoes,1400,ETB,Sheba Crafts,Gondar,Yes,3.2,In Stock,196,1.34,29x13x11 cm,0,Sheba Crafts Fashion House,2.8,"Fashion,Shoes,Gondar,Sheba Crafts,Ethiopian-made,Enkutatash Special"
ETP41661,AUTO ADDIS PARTS CLASSIC,Auto Addis Parts,High-performance-parts-from-Auto-Addis.-Rate-store-cause-same-lot-hit.-Feel-since-manager-guy-less.-color-night-safe-article-prevent,ከፍተኛ ጥራት ያለው ምርት። ለእረፍት ይሆናል,Automotive,Parts,28500,ETB,Auto Addis,Addis Ababa,Yes,3.1,In Stock,119,0.57,46x24x18 cm,0,Auto Addis Mart,2.8,"Automotive,Parts,Addis Ababa,Auto Addis,Ethiopian-made,Eid al-Fitr"
ETP51286,Happy Child Clothing Professional,Happy Child Clothing ባህላዊ,Traditional clothing with rich craftsmanship. Increase provide phone bad. Foot third something sport quality adult. way contain share back TV sort,ከፍተኛ ጥራት ያለው ምርት። ለቤት ተስማሚ,Baby & Kids,Clothing,5300,ETB,Happy Child,Mekelle,Yes,3.3,Low Stock,1,2.9,25x20x17 cm,3,Happy Child Shop,3.4,"Baby & Kids,Clothing,Mekelle,Happy Child,Ethiopian-made,New"
ETP136573,Baby Ethiopia Toys Premium,Baby Ethiopia Toys ዘመናዊ,Baby Ethiopia Toys with premium features. List wrong reach might expert design. care its capital author,ከፍተኛ ጥራት ያለው ምርት።,Baby & Kids,Toys,4200,ETB,Baby Ethiopia,Addis Ababa,Yes,3.9,In Stock,519,0.89,34x26x15 cm,0,Baby Ethiopia Mart,3.9,"Baby & Kids,toys,Addis Ababa,Baby Ethiopia,Ethiopian-made,Fasika"
ETP141622,Mekina Parts Car Care Classic,Mekina Parts Car Care ባህላዊ,TRADITIONAL CAR CARE WITH RICH CRAFTSMANSHIP. MANY THOUGH EFFECT ENVIRONMENTAL FINE WHOM. LAND SOMEONE CONTINUE LESS ELSE,ከፍተኛ ጥራት ያለው ምርት። እንኳን በአዲስ ዓመት በሰላም,Automotive,Car Care,2000,ETB,Mekina Parts,Arba Minch,No,3.4,In Stock,130,4.17,25x6x7 cm,0,Mekina Parts Shop,3.7,"Automotive,Car Care,Arba Minch,Mekina Parts,Ethiopian-made,Best-Seller,New"
ETP99945,RUNNER'S CHOICE SPORTSWEAR PREMIUM,Runner's Choice Sportswear ከፍተኛ ጥራት,RUNNER'S CHOICE SPORTSWEAR WITH PREMIUM FEATURES. FOR THIRD LETTER CONSIDER THROW ENTIRE. FAMILY FIVE MOST ACTIVITY THAN EXPERIENCE,ከፍተኛ ጥራት ያለው ምርት። ለቤት ተስማሚ,Sports,Sportswear,4700,ETB,Runner's Choice,Hawassa,Yes,2.9,In Stock,467,1.32,33x25x6 cm,0,Runner's Choice Supplier,3.3,"Sports,Sportswear,Hawassa,runner's choice,Ethiopian-made,New"
ETP73036,DOVE HAIRCARE PREMIUM,Dove ፀጉር እንክብካቤ ባህላዊ,Authentic-Ethiopian-haircare-sourced-locally.-Prevent-expert-over.-Arm-resource-Congress-environmental.-But-weight-bed-material-college.-be-campaign-lead-Mr-art-public-argue,ከፍተኛ ጥራት ያለው ምርት።,Beauty & Personal Care,Haircare,1500,ETB,Dove,Addis Ababa,Yes,3.8,Low Stock,13,0.54,7x5x7 cm,0,Dove Care Center,4.1,"Beauty & Personal Care,Haircare,Addis Ababa,Dove,Ethiopian-made,Premium,new,eid al-adha"
ETP105167,Sheba Crafts Shoes Classic,ሸባ ስራ ጫማ,SHEBA CRAFTS LATEST SHOES MODEL. TEST DEGREE PATTERN COLLECTION QUALITY ENVIRONMENT. THREE KITCHEN SERIOUS,ባህላዊ ዲዛይን እና ከፍተኛ ጥራት።,Fashion,Shoes,10500,ETB,Sheba Crafts,Jijiga,No,2.5,In Stock,478,1.49,28x10x15 cm,0,Sheba Crafts Tailor,2.7,"Fashion,Shoes,jijiga,Sheba Crafts,Ethiopian-made"
ETP57281,TECNO Series 13 indeed season,ቴክኖ ላፕቶፕ ባህላዊ,Traditional laptops with rich craftsmanship. Should total clearly play key second art. nothing individual over subject wide laugh report next field,ዘመናዊ ቴክኖሎጂ እና ከፍተኛ አፈጻጸም ያለው ምርት። እንኳን በአዲስ ዓመት በሰላም,Electronics,Laptops,61500,ETB,TECNO,Hawassa,Yes,2.8,In Stock,971,1.51,40x21x1 cm,6,TECNO Digital Mart,2.9,"Electronics,Laptops,Hawassa,tecno,ethiopian-made,Premium,Best-Seller,New Year Sale"
ETP105216,Auto Addis Accessories Deluxe something teach,Auto Addis ተጨማሪ ዕቃ ዘመናዊ,HIGH-PERFORMANCE ACCESSORIES FROM AUTO ADDIS. THIS RISE AUTHOR SEEK TEACH NORTH. AGREEMENT REMEMBER ADMINISTRATION LOCAL. YOUNG SOUTH HOT ACROSS. ADMINISTRATION DOCTOR BREAK,ከፍተኛ ጥራት ያለው ምርት። ለቤት ተስማሚ,Automotive,Accessories,1100,ETB,Auto Addis,Addis Ababa,No,3.3,Out of Stock,0,0.26,31x28x7 cm,0,Auto Addis Mart,3.9,"Automotive,Accessories,Addis Ababa,Auto Addis,Ethiopian-made"
ETP101381,HABESHA DESIGN PANTS,ሐበሻ ዲዛይን ዘመናዊ ልብስ,Authentic-Ethiopian-modern-clothing-sourced-locally.-Son-play-college-government-art-war-fast.-science-hear-but-consider-already,ባህላዊ ዲዛይን እና ከፍተኛ ጥራት።,Fashion,Modern Clothing,4600,ETB,Habesha Design,Dire Dawa,No,4.0,In Stock,282,0.78,40x49x5 cm,0,Habesha Design Collection,4.2,"fashion,modern clothing,dire dawa,Habesha Design,ethiopian-made,Premium,new,Holiday Collection"
ETP115961,Ethio Herbal Personal Hygiene Classic offer,Ethio Herbal Personal Hygiene ባህላዊ,Traditional personal hygiene with rich craftsmanship. Main lead floor production among. realize suffer attorney hair involve,ከፍተኛ ጥራት ያለው ምርት።,Beauty & Personal Care,Personal Hygiene,1500,ETB,Ethio Herbal,Addis Ababa,Yes,3.2,In Stock,409,0.21,42x25x3 cm,0,Ethio Herbal Beauty Shop,3.3,"Beauty & Personal Care,personal hygiene,Addis Ababa,Ethio Herbal,Ethiopian-made,Best-Seller,Festive Glow"
ETP03167,Habesha Design Bags Professional,ሐበሻ ዲዛይን Bags ባህላዊ,Traditional bags with rich craftsmanship. Firm foreign paper. Class main training course. thing particular season area poor,ባህላዊ ዲዛይን እና ከፍተኛ ጥራት። ለቤት ተስማሚ,Fashion,Bags,1000,ETB,Habesha Design,Addis Ababa,No,4.7,In Stock,156,1.8,44x24x15 cm,6,Habesha Design Collection,4.7,"Fashion,Bags,Addis Ababa,Habesha Design,Ethiopian-made,Premium,New"
ETP39707,Sheba Crafts Accessories Standard author expert,ሸባ ስራ ተጨማሪ ዕቃ ባህላዊ,sheba crafts latest accessories model. price possible structure clearly. successful pick matter its available something few. stock animal including,ባህላዊ ዲዛይን እና ከፍተኛ ጥራት። ለእረፍት ይሆናል,Fashion,Accessories,4500,ETB,Sheba Crafts,Arba Minch,No,3.8,Low Stock,2,2.13,12x7x7 cm,6,Sheba Crafts Collection,4.0,"Fashion,Accessories,Arba Minch,Sheba Crafts,ethiopian-made,New,Enkutatash Special,Eid al-Adha"
ETP95642,Sheba Cratfs Shoes Deluxe,ሸባ ስራ ጫማ,SHEBA CRAFTS LATEST SHOES MODEL. ALSO EIGHT POOR SCIENCE SELL. ECONOMIC EXAMPLE WORRY ITS ENERGY ART. AGREEMENT OK IDEA ANY LATER WEIGHT DEMOCRATIC LEAVE,ባህላዊ ዲዛይን እና ከፍተኛ ጥራት። ለቤት ተስማሚ,Fashion,Shoes,18000,ETB,Sheba Crafts,Addis Ababa,Yes,4.3,Out of Stock,0,1.07,29x12x10 cm,3,Sheba Crafts Tailor,4.3,"Fashion,Shoes,addis ababa,Sheba Crafts,Ethiopian-made,Timket"
ETP121711,Kids World Clothing Deluxe each manage,Kids World Clothing ባህላዊ,Kids World latest clothing model. Above defense according including. within huge many not marriage order happen,ከፍተኛ ጥራት ያለው ምርት። ለቤት ተስማሚ,Baby & Kids,Clothing,3400,ETB,Kids World,Dire Dawa,Yes,3.9,In Stock,359,1.97,35x5x20 cm,0,Kids World Store,4.0,"Baby & Kids,Clothing,Dire Dawa,Kids World,ethiopian-made,Best-Seller"
ETP59437,Dove Makeup Professional term Mr,Dove ማጅ ባህላዊ,"dove latest makeup model. raise analysis collection trouble.
congress positive conference dog type south. sing quite common look art past. major former within sister task challenge",ከፍተኛ ጥራት ያለው ምርት። ለእረፍት ይሆናል,Beauty & Personal Care,Makeup,1900,ETB,Dove,Jijiga,Yes,4.1,In Stock,1014,0.36,14x9x9 cm,0,Dove Care Center,4.1,"Beauty & Personal Care,Makeup,Jijiga,Dove,Ethiopian-made,premium"
ETP116508,Ethio Coffee Oil Premium system,ኢትዮ ቡና Oil ከፍተኛ ጥራት,Traditional oil with rich craftsmanship. White nothing eat amount simply. Their give defense important claim catch. Deal must as learn. include cell also need side staff protect,ንጹህ እና ጥራት ያለው ኢትዮጵያዊ ምርት። እንኳን በአዲስ ዓመት በሰላም,Food & Beverages,Oil,1600,ETB,Ethio Coffee,Addis Ababa,Yes,4.5,Low Stock,4,2.59,14x11x28 cm,0,Ethio Coffee Farmers Coop,4.7,"Food & Beverages,Oil,Addis Ababa,Ethio Coffee,Ethiopian-made,premium,Fasika Special"
ETP34413,TIBEB ATHLETICS FOOTWEAR PREMIUM,Tibeb Athletics Footwear ከፍተኛ ጥራት,Authentic Ethiopian footwear sourced locally. Note beautiful their apply concern. morning control deal someone for front young than ball among,ከፍተኛ ጥራት ያለው ምርት። እንኳን በአዲስ ዓመት በሰላም,Sports,Footwear,3700,ETB,Tibeb Athletics,Adama,Yes,3.8,In Stock,506,3.85,49x18x18 cm,3,Tibeb Athletics Store,3.8,"Sports,Footwear,adama,Tibeb Athletics,Ethiopian-made,Premium"
ETP147041,RUNNER'S CHOICE SPORTSWEAR PROFESSIONAL,Runner's Choice Sportswear ዘመናዊ,Runner's Choice latest sportswear model. Question especially alone though reveal day real modern. Kid large simply drop decade describe. student sometimes more generation realize wish surface,ከፍተኛ ጥራት ያለው ምርት። ለቤት ተስማሚ,Sports,Sportswear,2200,ETB,Runner's Choice,Addis Ababa,No,3.4,In Stock,544,0.81,16x6x14 cm,3,Runner's Choice Store,3.0,"Sports,Sportswear,Addis Ababa,Runner's Choice,Ethiopian-made,Premium,New"
ETP81717,HABESHA DESIGN HABESHA KEMIS,ሐበሻ ዲዛይን ባህላዊ ልብስ,Authentic Ethiopian traditional wear sourced locally. Side suggest world particularly others great us success. if since lot amount suggest community under,የክብር ሰአት ለመስራት ተስማሚ። ለእረፍት ይሆናል,Fashion,Traditional Wear,21000,ETB,Habesha Design,Gondar,No,3.6,In Stock,497,0.72,51x44x2 cm,0,Habesha Design Tailor,3.6,"Fashion,Traditional Wear,Gondar,habesha design,Ethiopian-made,Premium,Holiday Collection"
ETP00227,Runner's-Choice-Equipment-Deluxe,Runner's Choice Equipment ዘመናዊ,High-performance-equipment-from-Runner's-Choice.-Anything-hear-collection-listen-market-long.-Mr-arrive-keep-tree.-type-a-until,ከፍተኛ ጥራት ያለው ምርት። ለቤት ተስማሚ,Sports,Equipment,6900,ETB,Runner's Choice,Addis Ababa,Yes,3.9,Low Stock,2,3.47,38x21x17 cm,3,Runner's Choice Mart,4.0,"Sports,equipment,Addis Ababa,Runner's Choice,Ethiopian-made,Premium"
ETP23193,Ethio Herbal Fragrances Premium,Ethio Herbal ሽቶ,HIGH-PERFORMANCE FRAGRANCES FROM ETHIO HERBAL. YOU FLY DOCTOR COUNTRY. STAFF WAIT OFFICE LEAD YET OFFICE MARKET. PARTICULARLY RECOGNIZE AGREE TRADE DOWN INVESTMENT. WORLD WHO FULL FIGHT CHARGE KNOW PERSONAL,ከፍተኛ ጥራት ያለው ምርት። እንኳን በአዲስ ዓመት በሰላም,Beauty & Personal Care,Fragrances,10500,ETB,Ethio Herbal,Addis Ababa,Yes,3.9,In Stock,349,0.2,10x3x3 cm,0,Ethio Herbal Care Center,4.0,"Beauty & Personal Care,fragrances,Addis Ababa,Ethio Herbal,ethiopian-made"
ETP67285,Habesha Design Jacket black former,ሐበሻ ዲዛይን ዘመናዊ ልብስ ዘመናዊ,Authentic Ethiopian modern clothing sourced locally. Learn forget size everything general student live. Ball fast century if protect artist country. despite increase million wrong fund art soon yes live,የክብር ሰአት ለመስራት ተስማሚ።,Fashion,Modern Clothing,8600,ETB,Habesha Design,Jimma,Yes,4.1,In Stock,57,0.44,59x41x3 cm,0,Habesha Design Boutique,4.4,"Fashion,modern clothing,Jimma,Habesha Design,ethiopian-made,Premium,New"
ETP00822,Lucy Fashion Shawl they,Lucy Fashion ባህላዊ ልብስ,Traditional traditional wear with rich craftsmanship. Marriage against end young level wrong pull. Piece near include customer a go line. pay relationship air teacher right receive,ባህላዊ ዲዛይን እና ከፍተኛ ጥራት። ለእረፍት ይሆናል,Fashion,Traditional Wear,6500,ETB,Lucy Fashion,Shashemene,Yes,3.7,In Stock,335,0.82,43x46x3 cm,3,Lucy Fashion Design Studio,3.8,"Fashion,Traditional Wear,Shashemene,Lucy Fashion,Ethiopian-made,Premium,Eid al-Fitr"
ETP25883,Auto Addis Parts Standard government later,Auto Addis Parts ዘመናዊ,auto addis latest parts model. unit apply student finally. range up interview within some. although trade day speak rock week reflect,ከፍተኛ ጥራት ያለው ምርት። እንኳን በአዲስ ዓመት በሰላም,Automotive,Parts,8500,ETB,Auto Addis,Gondar,No,3.6,In Stock,399,3.23,39x15x9 cm,0,Auto Addis Store,3.7,"Automotive,Parts,gondar,Auto Addis,Ethiopian-made"
ETP101069,UNITY PUBLISHERS RELIGION PROFESSIONAL,Unity Publishers Religion ባህላዊ,Unity Publishers latest religion model. Choose difficult actually. Very nature understand suddenly type. still about matter week year much effort house building compare,ከፍተኛ ጥራት ያለው ምርት። ለእረፍት ይሆናል,Books & Stationery,Religion,1600,ETB,Unity Publishers,Gondar,No,3.4,In Stock,533,0.11,48x30x13 cm,3,Unity Publishers Mart,3.6,"Books & Stationery,Religion,Gondar,Unity Publishers,ethiopian-made,Best-Seller"
ETP42211,natural remedies personal hygiene deluxe,Natural Remedies Personal Hygiene ከፍተኛ ጥራት,traditional personal hygiene with rich craftsmanship. anyone answer help green skin education. my current could although meeting,ከፍተኛ ጥራት ያለው ምርት።,Beauty & Personal Care,Personal Hygiene,180,ETB,Natural Remedies,Gondar,No,3.8,In Stock,90,1.24,36x11x3 cm,0,Natural Remedies Spa,3.7,"Beauty & Personal Care,Personal Hygiene,gondar,Natural Remedies,Ethiopian-made,Premium,new"
ETP82731,Blue Nile Crafts Storage Classic travel,Blue Nile Crafts Storage ባህላዊ,authentic ethiopian storage sourced locally. still put plant forward peace glass. stand fire best,ከፍተኛ ጥራት ያለው ምርት። ለእረፍት ይሆናል,Home & Kitchen,Storage,2500,ETB,Blue Nile Crafts,Jimma,Yes,3.7,In Stock,384,2.55,36x23x18 cm,0,Blue Nile Crafts Supplier,3.9,"Home & Kitchen,Storage,Jimma,Blue Nile Crafts,Ethiopian-made,Holiday Set"
ETP74524,happy child clothing standard,Happy Child Clothing ዘመናዊ,Traditional clothing with rich craftsmanship. Seven though single factor happen example. nothing your ground long,ከፍተኛ ጥራት ያለው ምርት። ለቤት ተስማሚ,Baby & Kids,Clothing,2300,ETB,Happy Child,Hawassa,Yes,3.9,Out of Stock,0,0.97,28x6x4 cm,3,Happy Child Supplier,3.7,"Baby & Kids,Clothing,Hawassa,happy child,ethiopian-made,New"
ETP94269,LUCY FASHION SHOES STANDARD,Lucy Fashion ጫማ ከፍተኛ ጥራት,AUTHENTIC ETHIOPIAN SHOES SOURCED LOCALLY. SUDDENLY SPECIAL NEAR MAN COLLEGE QUALITY. CONCERN ROAD NATURE LIKE CAMERA. PROFESSIONAL EXPERIENCE PRESSURE FULL TRY,ባህላዊ ዲዛይን እና ከፍተኛ ጥራት። እንኳን በአዲስ ዓመት በሰላም,Fashion,Shoes,1800,ETB,Lucy Fashion,Addis Ababa,Yes,3.2,In Stock,141,0.62,35x12x14 cm,3,Lucy Fashion Collection,2.8,"Fashion,Shoes,Addis Ababa,Lucy Fashion,Ethiopian-made,New,Timket White"
ETP44275,Auto Addis Parts Professional threat,Auto Addis Parts ከፍተኛ ጥራት,AUTO ADDIS LATEST PARTS MODEL. ASK GIRL FIND BECAUSE THREAT WIN LETTER. LEARN EIGHT GOVERNMENT,ከፍተኛ ጥራት ያለው ምርት። ለቤት ተስማሚ,Automotive,Parts,23500,ETB,Auto Addis,Mekelle,No,2.7,Out of Stock,0,1.85,28x16x17 cm,6,Auto Addis Store,2.5,"Automotive,Parts,Mekelle,Auto Addis,Ethiopian-made,New"
ETP87325,Runner's-Choice-Sportswear-Classic,Runner's Choice Sportswear ባህላዊ,Runner's Choice Sportswear with premium features. Senior air son source. unit exist PM entire camera Mrs travel,ከፍተኛ ጥራት ያለው ምርት።,Sports,Sportswear,5400,ETB,Runner's Choice,Gondar,No,3.8,In Stock,591,0.63,31x13x6 cm,6,Runner's Choice Shop,3.7,"Sports,sportswear,Gondar,Runner's Choice,ethiopian-made,new"
ETP148331,Natural-Remedies-Haircare-Deluxe,Natural Remedies ፀጉር እንክብካቤ,natural remedies latest haircare model. air family sign once pass concern. heavy summer approach government force court data,ከፍተኛ ጥራት ያለው ምርት። እንኳን በአዲስ ዓመት በሰላም,Beauty & Personal Care,Haircare,1200,ETB,Natural Remedies,Shashemene,Yes,3.6,In Stock,302,0.38,14x6x8 cm,0,Natural Remedies Beauty Shop,3.5,"Beauty & Personal Care,Haircare,Shashemene,natural remedies,Ethiopian-made,premium"
ETP136765,ETHIO SPORTS SPORTSWEAR CLASSIC,Ethio Sports Sportswear ከፍተኛ ጥራት,Authentic Ethiopian sportswear sourced locally. Major glass experience officer former first. executive hope report plan,ከፍተኛ ጥራት ያለው ምርት። እንኳን በአዲስ ዓመት በሰላም,Sports,Sportswear,5100,ETB,Ethio Sports,Addis Ababa,Yes,3.8,In Stock,48,2.14,22x17x2 cm,0,Ethio Sports Store,3.8,"Sports,Sportswear,Addis Ababa,Ethio Sports,Ethiopian-made"
ETP120992,Infinix Series 15 be,ኢንፊኒክስ ላፕቶፕ ከፍተኛ ጥራት,Infinix Laptops with premium features. Fine enjoy physical suggest. Force human year apply. Sing politics policy no. certain employee tax land yeah,ረጅም ጊዜ ለመጠቀም የሚረቁ።,Electronics,Laptops,62500,ETB,Infinix,Gondar,No,3.1,In Stock,1194,1.26,38x22x1 cm,6,Infinix Tech Hub,2.8,"Electronics,Laptops,Gondar,Infinix,Ethiopian-made"
ETP19142,Ethio Herbal Haircare Premium seven,Ethio Herbal ፀጉር እንክብካቤ,Authentic-Ethiopian-haircare-sourced-locally.-See-stuff-political-them-top.-General-reality-behind-whole-long-entire.-Job-five-myself-message-always.-once-down-international-design-or-return-movement-stay,ከፍተኛ ጥራት ያለው ምርት።,Beauty & Personal Care,Haircare,2900,ETB,Ethio Herbal,Dire Dawa,Yes,4.0,In Stock,282,0.49,15x10x5 cm,0,Ethio Herbal Beauty Shop,3.9,"Beauty & Personal Care,Haircare,Dire Dawa,Ethio Herbal,Ethiopian-made,Enkutatash"
ETP119190,Dove Skincare Standard,Dove ቆዳ እንክብካቤ ከፍተኛ ጥራት,TRADITIONAL SKINCARE WITH RICH CRAFTSMANSHIP. HER CREATE SMILE FOCUS CERTAIN EVERY CUP. LIKELY TEST PEOPLE. EVER RESEARCH DAY MARKET,ከፍተኛ ጥራት ያለው ምርት። ለቤት ተስማሚ,Beauty & Personal Care,Skincare,930,ETB,Dove,Gondar,Yes,3.4,In Stock,133,0.48,7x7x8 cm,0,Dove Care Center,3.0,"Beauty & Personal Care,Skincare,Gondar,Dove,Ethiopian-made,Best-Seller"
ETP148181,HABESHA DESIGN ACCESSORIES PROFESSIONAL,ሐበሻ ዲዛይን ተጨማሪ ዕቃ ባህላዊ,Habesha Design latest accessories model. Tax central base key. husband military low simple act toward defense,ባህላዊ ዲዛይን እና ከፍተኛ ጥራት። ለቤት ተስማሚ,Fashion,Accessories,1300,ETB,Habesha Design,Jimma,Yes,3.9,In Stock,373,0.23,34x25x6 cm,3,Habesha Design Tailor,3.5,"Fashion,Accessories,Jimma,Habesha Design,ethiopian-made,premium"
ETP128765,Ethio-Pottery-Bedding-Premium,Ethio Pottery Bedding,Ethio Pottery latest bedding model. Something affect environment while certainly past place. until wrong fear now late continue,ከፍተኛ ጥራት ያለው ምርት። እንኳን በአዲስ ዓመት በሰላም,Home & Kitchen,Bedding,13000,ETB,Ethio Pottery,Jimma,No,3.7,Out of Stock,0,3.51,30x22x20 cm,3,Ethio Pottery Supplier,3.8,"Home & Kitchen,Bedding,Jimma,Ethio Pottery,Ethiopian-made"
ETP93112,Runner's Choice Sportswear Deluxe admit shoulder,Runner's Choice Sportswear ዘመናዊ,Runner's Choice latest sportswear model. Nation party top. Plan at region single discuss assume executive. consider week during example democratic fast media,ከፍተኛ ጥራት ያለው ምርት።,Sports,Sportswear,6500,ETB,Runner's Choice,Addis Ababa,Yes,3.7,Out of Stock,0,0.16,19x25x13 cm,0,Runner's Choice Mart,3.7,"Sports,Sportswear,addis ababa,runner's choice,Ethiopian-made"
ETP116461,L'Oréal-Makeup-Premium,L'Oréal ማጅ ዘመናዊ,Traditional makeup with rich craftsmanship. Consider chance consider ball name. few pattern nor too standard majority student,ከፍተኛ ጥራት ያለው ምርት። እንኳን በአዲስ ዓመት በሰላም,Beauty & Personal Care,Makeup,940,ETB,L'Oréal,Dire Dawa,No,4.2,Low Stock,8,0.14,8x9x8 cm,3,L'Oréal Cosmetics Store,4.3,"Beauty & Personal Care,Makeup,Dire Dawa,L'Oréal,Ethiopian-made,Premium,new"
ETP127758,Lucy Fashion Bags Classic fast,Lucy Fashion Bags ዘመናዊ,High-performance bags from Lucy Fashion. Family product start. Forget town money well. Run often tonight remember rate eight. Information area himself road. response base behind management but where machine,የክብር ሰአት ለመስራት ተስማሚ። እንኳን በአዲስ ዓመት በሰላም,Fashion,Bags,9900,ETB,Lucy Fashion,Adama,Yes,3.4,Low Stock,7,0.4,27x29x13 cm,0,Lucy Faashion Collection,2.9,"fashion,Bags,adama,Lucy Fashion,Ethiopian-made,premium,Timket"
ETP74828,Habesha Design Dress,ሐበሻ ዲዛይን ዘመናዊ ልብስ ዘመናዊ,Authentic Ethiopian modern clothing sourced locally. Education information more generation. Star health find president tree raise. True training citizen seem officer. again daughter far her describe girl training side good,የክብር ሰአት ለመስራት ተስማሚ። እንኳን በአዲስ ዓመት በሰላም,Fashion,Modern Clothing,18000,ETB,Habesha Design,Jimma,Yes,4.4,In Stock,119,0.33,54x34x3 cm,0,Habesha Design Design Studio,4.3,"fashion,Modern Clothing,jimma,Habesha Design,Ethiopian-made,Premium,enkutatash special"
ETP142067,Sheba Crafts T-Shirt cup,ሸባ ስራ ዘመናዊ ልብስ,Sheba Crafts Modern Clothing with premium features. Build hard eat lose few opportunity. suffer available role way fine bed office,የክብር ሰአት ለመስራት ተስማሚ።,Fashion,Modern Clothing,9800,ETB,Sheba Crafts,Arba Minch,Yes,3.8,Out of Stock,0,0.63,51x34x5 cm,0,Sheba Crafts Fashion House,3.7,"Fashion,modern clothing,arba minch,Sheba Crafts,Ethiopian-made,Premium,New,Timket White"
ETP118239,Mekelle Leather Jewelry Premium,Mekelle Leather Jewelry,Traditional jewelry with rich craftsmanship. Page light sometimes benefit take something. Say mission eat board address benefit explain. game record nearly room now difficult,የክብር ሰአት ለመስራት ተስማሚ።,Fashion,Jewelry,4900,ETB,Mekelle Leather,Addis Ababa,Yes,3.8,In Stock,59,2.2,27x21x15 cm,0,Mekelle Leather Fashion House,3.9,"Fashion,jewelry,addis ababa,Mekelle Leather,Ethiopian-made"
ETP90658,Awraja Kuta agency expert,Awraja ባህላዊ ልብስ ዘመናዊ,Awraja latest traditional wear model. But decision have center son strategy stay. both direction southern stage,የክብር ሰአት ለመስራት ተስማሚ።,Fashion,Traditional Wear,24000,ETB,Awraja,Mekelle,Yes,4.4,Out of Stock,0,1.18,40x36x4 cm,0,Awraja Fashion House,4.4,"Fashion,Traditional Wear,Mekelle,Awraja,Ethiopian-made,New"
ETP64232,TECNO CAMON 20,ቴክኖ ስማርትፎን ባህላዊ,AUTHENTIC ETHIOPIAN SMARTPHONES SOURCED LOCALLY. DOOR TWO SPEND GUN MAINTAIN SEND. OFTEN PURPOSE EITHER WORD BLOOD ATTACK NO,ዘመናዊ ቴክኖሎጂ እና ከፍተኛ አፈጻጸም ያለው ምርት። ለቤት ተስማሚ,Electronics,Smartphones,60500,ETB,TECNO,Addis Ababa,Yes,4.1,In Stock,251,0.23,160x70x8 cm,6,TECNO Byte Bazaar,4.1,"Electronics,smartphones,Addis Ababa,TECNO,Ethiopian-made"
ETP144541,Sheba Beauty Personal Hygiene Premium life control,Sheba Beauty Personal Hygiene ባህላዊ,authentic ethiopian personal hygiene sourced locally. onto front since assume author area. allow experience collection within program series space. design offer hard fine child smile notice scientist,ከፍተኛ ጥራት ያለው ምርት። ለእረፍት ይሆናል,Beauty & Personal Care,Personal Hygiene,710,ETB,Sheba Beauty,Addis Ababa,Yes,3.5,In Stock,495,0.92,25x18x12 cm,3,Sheba Beauty Cosmetics Store,3.5,"beauty & personal care,Personal Hygiene,Addis Ababa,sheba beauty,Ethiopian-made,New"
ETP99294,Auto Addis Car Care Premium range,Auto Addis Car Care ባህላዊ,High-performance car care from Auto Addis. Point book weight various concern. Spring single her weight whatever little this. Learn important every born. mention also clearly nature exactly nothing play lay,ከፍተኛ ጥራት ያለው ምርት። ለእረፍት ይሆናል,Automotive,Car Care,3800,ETB,Auto Addis,Addis Ababa,Yes,3.4,Out of Stock,0,0.28,15x17x4 cm,6,Auto Addis Supplier,3.3,"Automotive,Car Care,addis ababa,Auto Addis,Ethiopian-made,Best-Seller"
ETP80283,habesha design accessories standard,ሐበሻ ዲዛይን ተጨማሪ ዕቃ ዘመናዊ,Habesha Design latest accessories model. Leg leave water could economic tree teach agree. hotel star president between laugh everybody structure spring,የክብር ሰአት ለመስራት ተስማሚ። እንኳን በአዲስ ዓመት በሰላም,Fashion,Accessories,730,ETB,Habesha Design,Addis Ababa,Yes,3.5,Out of Stock,0,3.84,11x17x9 cm,0,Habesha Design Fashion House,3.4,"Fashion,accessories,Addis Ababa,Habesha Design,Ethiopian-made,Premium"
ETP147677,Kids World Feeding Classic see total,Kids World Feeding ባህላዊ,TRADITIONAL FEEDING WITH RICH CRAFTSMANSHIP. CUSTOMER HAPPY EVIDENCE WORKER. TEST REMEMBER LISTEN WIN CONTROL BUT. SELL SING NOT BUILDING THROUGH OK THOSE MILITARY,ከፍተኛ ጥራት ያለው ምርት።,Baby & Kids,Feeding,1700,ETB,Kids World,Addis Ababa,No,4.0,In Stock,319,3.93,44x24x10 cm,0,Kids World Shop,4.0,"Baby & Kids,Feeding,Addis Ababa,Kids World,Ethiopian-made,Best-Seller"
ETP65236,Blue Nile Crafts Bedding Deluxe,Blue Nile Crafts Bedding,blue nile crafts bedding with premium features. organization few nation yard somebody. kitchen interesting key edge. take cup onto threat too. far time crime four throughout,ከፍተኛ ጥራት ያለው ምርት።,Home & Kitchen,Bedding,10500,ETB,Blue Nile Crafts,Bahir Dar,No,3.3,Low Stock,2,2.25,37x23x10 cm,0,Blue Nile Crafts Shop,3.1,"Home & Kitchen,Bedding,bahir dar,Blue Nile Crafts,Ethiopian-made,New,Holiday Set,Fasika"
ETP31896,"Infinix 55"" UHD TV",ኢንፊኒክስ ቴሌቪዥን,traditional televisions with rich craftsmanship. sit must large present another six interesting quality. trial seek free claim chair,ዘመናዊ ቴክኖሎጂ እና ከፍተኛ አፈጻጸም ያለው ምርት። ለቤት ተስማሚ,Electronics,Televisions,80000,ETB,Infinix,Hawassa,Yes,2.7,Low Stock,5,14.96,125x89x9 cm,12,Infinix Gadget Center,2.8,"Electronics,Televisions,Hawassa,Infinix,Ethiopian-made,New"
ETP77993,mekelle leather shoes professional,Mekelle Leather ጫማ ከፍተኛ ጥራት,Mekelle Leather Shoes with premium features. At ground head attorney night thing. Day style enjoy individual sure message. Tree close dark if. away only you skin particularly pattern,ባህላዊ ዲዛይን እና ከፍተኛ ጥራት።,Fashion,Shoes,6800,ETB,Mekelle Leather,Arba Minch,Yes,3.6,In Stock,290,1.38,31x10x14 cm,3,Mekelle Leather Tailor,3.9,"fashion,Shoes,Arba Minch,Mekelle Leather,Ethiopian-made,Enkutatash Special"
ETP73894,tomoca traditional tea 500g,ቶሞካ ሻይ ከፍተኛ ጥራት,Authentic Ethiopian tea sourced locally. Provide follow not space. myself again difference each laugh,ንጹህ እና ጥራት ያለው ኢትዮጵያዊ ምርት። እንኳን በአዲስ ዓመት በሰላም,Food & Beverages,Tea,2500,ETB,Tomoca,Arba Minch,Yes,3.5,Low Stock,13,0.19,10x13x4 cm,3,Tomoca Farmers Coop,3.7,"food & beverages,Tea,Arba Minch,Tomoca,Ethiopian-made,New"
ETP90203,Ethio Sports Equipment Classic woman,Ethio Sports Equipment ባህላዊ,ethio sports equipment with premium features. how big car far. difference chance three example figure it away. relate among type fast fill another after,ከፍተኛ ጥራት ያለው ምርት። እንኳን በአዲስ ዓመት በሰላም,Sports,Equipment,9600,ETB,Ethio Sports,Hawassa,Yes,3.7,In Stock,26,2.56,31x20x12 cm,0,Ethio Sports Shop,3.5,"Sports,Equipment,Hawassa,Ethio Sports,ethiopian-made"
ETP81654,Awraja T-Shirt doctor,Awraja ዘመናዊ ልብስ,Awraja-latest-modern-clothing-model.-Benefit-goal-than-author-citizen-three-behavior.-Road-often-paper.-base-me-begin-challenge-likely,ባህላዊ ዲዛይን እና ከፍተኛ ጥራት። ለቤት ተስማሚ,Fashion,Modern Clothing,12000,ETB,Awraja,Mekelle,No,3.7,In Stock,167,0.21,55x47x5 cm,0,Awraajaa Design Studio,3.9,"Fashion,Modern Clothing,Mekelle,Awraja,Ethiopian-made,New,Enkutatash Special"
ETP89436,HABESHA DESIGN SHAWL,ሐበሻ ዲዛይን ባህላዊ ልብስ ባህላዊ,Habesha Design latest traditional wear model. Newspaper as learn. understand rule and full second second development morning year,የክብር ሰአት ለመስራት ተስማሚ።,Fashion,Traditional Wear,35500,ETB,Habesha Design,Addis Ababa,Yes,3.9,In Stock,376,0.67,50x30x2 cm,0,Habesha Design Tailor,4.1,"fashion,Traditional Wear,Addis Ababa,Habesha Design,Ethiopian-made,Premium"
ETP126742,HABESHA DESIGN ACCESSORIES CLASSIC,ሐበሻ ዲዛይን ተጨማሪ ዕቃ ባህላዊ,Habesha Design Accessories with premium features. Back election name teach beautiful. Look realize fast my. Green personal player history low east task. property consider choose admit smile black manage shoulder,የክብር ሰአት ለመስራት ተስማሚ። እንኳን በአዲስ ዓመት በሰላም,Fashion,Accessories,3700,ETB,Habesha Design,Addis Ababa,Yes,4.1,In Stock,287,1.66,38x25x5 cm,0,Habesha Design Boutique,3.6,"Fashion,Accessories,Addis Ababa,Habesha Design,Ethiopian-made,Premium,Best-Seller"
ETP06096,Runner's-Choice-Sportswear-Professional,Runner's Choice Sportswear ባህላዊ,Authentic-Ethiopian-sportswear-sourced-locally.-Hospital-future-political-mention-pull-seem-off.-Cold-foreign-make-hear-Democrat-when-plan.-appear-political-later-onto-technology-a-quickly-court,ከፍተኛ ጥራት ያለው ምርት። ለእረፍት ይሆናል,Sports,Sportswear,3800,ETB,Runner's Choice,Bahir Dar,No,3.2,In Stock,229,1.93,33x6x17 cm,3,Runneer's Choicee Mart,3.2,"Sports,Sportswear,Bahir Dar,runner's choice,Ethiopian-made,Best-Seller,New"
ETP110242,runner's choice equipment standard,Runner's Choice Equipment ባህላዊ,Traditional equipment with rich craftsmanship. Enter foot author economic seven cause area. maintain kind voice whether able throw part,ከፍተኛ ጥራት ያለው ምርት። እንኳን በአዲስ ዓመት በሰላም,Sports,Equipment,11000,ETB,Runner's Choice,Asosa,Yes,3.2,In Stock,391,3.17,44x19x8 cm,3,Runner's Choice Mart,3.0,"Sports,Equipment,asosa,Runner's Choice,Ethiopian-made"
ETP77183,Ethio Herbal Haircare Deluxe artist environmental,Ethio Herbal ፀጉር እንክብካቤ ዘመናዊ,Ethio Herbal latest haircare model. Again house accept citizen chance. Yourself plant group top music local organization check. upon important trade that girl,ከፍተኛ ጥራት ያለው ምርት።,Beauty & Personal Care,Haircare,530,ETB,Ethio Herbal,Addis Ababa,Yes,3.8,In Stock,15,0.36,13x6x7 cm,3,Ethio Herbal Spa,3.8,"Beauty & Personal Care,Haircare,Addis Ababa,Ethio Herbal,ethiopian-made,Best-Seller,Festive Glow"
ETP129825,mekina parts parts premium,Mekina Parts Parts ከፍተኛ ጥራት,Authentic Ethiopian parts sourced locally. Practice especially chair see. house over race edge wall across international black,ከፍተኛ ጥራት ያለው ምርት።,Automotive,Parts,9200,ETB,Mekina Parts,Adama,Yes,3.9,In Stock,148,2.5,44x21x11 cm,0,Mekina Parts Supplier,4.2,"Automotive,Parts,Adama,Mekina Parts,Ethiopian-made,Premium"
ETP65731,Ethio-Coffee-Herbal-Tea-100g,ኢትዮ ቡና ሻይ ባህላዊ,Ethio Coffee Tea with premium features. Sing dark nature. along language summer above spend so,ንጹህ እና ጥራት ያለው ኢትዮጵያዊ ምርት። እንኳን በአዲስ ዓመት በሰላም,Food & Beverages,Tea,1500,ETB,Ethio Coffee,Addis Ababa,Yes,5.0,In Stock,840,0.65,17x12x3 cm,0,Ethio Coffee Market,4.9,"Food & Beverages,Tea,Addis Ababa,Ethio Coffee,ethiopian-made,Premium"
ETP49333,Ethio Herbal Fragrances Professional,Ethio Herbal ሽቶ,Traditional fragrances with rich craftsmanship. Experience study statement perform. sense religious political lay agency school continue,ከፍተኛ ጥራት ያለው ምርት። ለእረፍት ይሆናል,Beauty & Personal Care,Fragrances,12500,ETB,Ethio Herbal,Hawassa,Yes,3.0,In Stock,61,0.13,12x3x4 cm,3,Ethio Herbal Spa,3.1,"beauty & personal care,Fragrances,Hawassa,Ethio Herbal,Ethiopian-made,Premium,festive glow"
ETP03223,sheba crafts bags deluxe,ሸባ ስራ Bags,High-performance bags from Sheba Crafts. Maybe very perhaps size friend great million. Almost current find. here various establish shoulder inside great total,ባህላዊ ዲዛይን እና ከፍተኛ ጥራት። ለእረፍት ይሆናል,Fashion,Bags,2200,ETB,Sheba Crafts,Addis Ababa,No,3.7,In Stock,399,1.15,35x28x9 cm,0,Sheba Crafts Design Studio,3.4,"fashion,bags,Addis Ababa,Sheba Crafts,Ethiopian-made,Premium,Holiday Collection"
ETP90707,Runner's Choice Equipment Deluxe participant,Runner's Choice Equipment ባህላዊ,Traditional equipment with rich craftsmanship. Them several order serious effect experience industry. Realize data story office him. Break break reality indeed hair. fine voice nearly wall,ከፍተኛ ጥራት ያለው ምርት። እንኳን በአዲስ ዓመት በሰላም,Sports,Equipment,20000,ETB,Runner's Choice,Addis Ababa,Yes,3.6,Low Stock,4,1.59,18x28x4 cm,0,Runner's Choice Shop,3.5,"sports,Equipment,Addis Ababa,Runner's Choice,Ethiopian-made,new"
ETP57556,Auto-Addis-Car-Care-Classic,Auto Addis Car Care ባህላዊ,Auto Addis Car Care with premium features. Despite they everything detail. produce growth seven enjoy animal little,ከፍተኛ ጥራት ያለው ምርት። እንኳን በአዲስ ዓመት በሰላም,Automotive,Car Care,5800,ETB,Auto Addis,Dire Dawa,Yes,3.5,In Stock,247,1.85,13x19x6 cm,3,Auto Addis Mart,3.1,"Automotive,Car Care,Dire Dawa,Auto Addis,Ethiopian-made"
ETP23018,Sheba Crafts Shawl study family,ሸባ ስራ ባህላዊ ልብስ,TRADITIONAL TRADITIONAL WEAR WITH RICH CRAFTSMANSHIP. IDEA POLITICAL DREAM REACH IMAGE SHAKE. MOVEMENT THUS TYPE MOVEMENT PREVENT LAST,የክብር ሰአት ለመስራት ተስማሚ። ለቤት ተስማሚ,Fashion,Traditional Wear,24000,ETB,Sheba Crafts,Bahir Dar,Yes,3.9,In Stock,98,0.33,55x36x4 cm,0,Sheba Crafts Design Studio,3.8,"Fashion,Traditional Wear,Bahir Dar,Sheba Crafts,Ethiopian-made,best-seller"
ETP29385,Auto Addis Car Care Classic,Auto Addis Car Care ዘመናዊ,"High-performance car care from Auto Addis. Series cover sort role task news. Inside respond school watch.
Behavior your option total. Power indeed say idea back. something lead hand arm risk every society",ከፍተኛ ጥራት ያለው ምርት። እንኳን በአዲስ ዓመት በሰላም,Automotive,Car Care,300,ETB,Auto Addis,Addis Ababa,Yes,3.5,In Stock,254,2.16,31x23x12 cm,3,Auto Addis Store,3.4,"Automotive,car care,Addis Ababa,Auto Addis,Ethiopian-made,Premium"
ETP57061,Habesha Design Shoes Deluxe education,ሐበሻ ዲዛይን ጫማ ከፍተኛ ጥራት,Authentic Ethiopian shoes sourced locally. Available leg might discussion especially. Knowledge phone film author ok. cost budget too institution other parent like themselves,የክብር ሰአት ለመስራት ተስማሚ። ለቤት ተስማሚ,Fashion,Shoes,3200,ETB,Habesha Design,Hawassa,Yes,3.5,In Stock,73,1.24,30x14x10 cm,0,Habesha Design Collection,3.5,"Fashion,Shoes,Hawassa,Habesha Design,Ethiopian-made,Premium,Best-Seller,Enkutatash"
ETP39589,Ethio Sports Sportswear Classic yes trip,Ethio Sports Sportswear ዘመናዊ,authentic ethiopian sportswear sourced locally. represent popular shoulder blue security color. worker reason result middle thank many including leg,ከፍተኛ ጥራት ያለው ምርት። እንኳን በአዲስ ዓመት በሰላም,Sports,Sportswear,8200,ETB,Ethio Sports,Addis Ababa,Yes,2.9,Low Stock,9,1.52,38x28x10 cm,0,Ethio Sports Shop,3.1,"Sports,Sportswear,Addis Ababa,Ethio Sports,Ethiopian-made,new,Meskel"
ETP98822,EPHI PRESS FICTION PROFESSIONAL,EPHI Press Fiction ከፍተኛ ጥራት,authentic ethiopian fiction sourced locally. point mean near responsibility. describe simple just list up,ከፍተኛ ጥራት ያለው ምርት። እንኳን በአዲስ ዓመት በሰላም,Books & Stationery,Fiction,360,ETB,EPHI Press,Addis Ababa,No,4.1,Out of Stock,0,3.52,46x10x13 cm,0,EPHI Press Shop,3.9,"Books & Stationery,Fiction,addis ababa,EPHI Press,Ethiopian-made"
ETP38759,Ethio Sports Fitness Premium,Ethio Sports Fitness ከፍተኛ ጥራት,High-performance fitness from Ethio Sports. Build they truth individual international worker. sell wife start sea,ከፍተኛ ጥራት ያለው ምርት። ለእረፍት ይሆናል,Sports,Fitness,4000,ETB,Ethio Sports,Addis Ababa,Yes,2.7,Low Stock,14,1.44,23x22x15 cm,3,Ethio Sports Store,2.7,"Sports,fitness,Addis Ababa,ethio sports,Ethiopian-made,Premium,Best-Seller"
ETP137636,Ethio Pottery Cleaning Classic learn item,Ethio Pottery Cleaning ዘመናዊ,High-performance cleaning from Ethio Pottery. Method bag investment education two heavy tree. learn high push news nothing south on,ከፍተኛ ጥራት ያለው ምርት። ለቤት ተስማሚ,Home & Kitchen,Cleaning,1600,ETB,Ethio Pottery,Addis Ababa,Yes,3.4,In Stock,505,1.52,13x22x6 cm,0,Ethio Potteery Shop,3.6,"Home & Kitchen,Cleaning,Addis Ababa,Ethio Pottery,Ethiopian-made"
ETP145040,unity publishers religion deluxe,Unity Publishers Religion ባህላዊ,"High-performance-religion-from-Unity-Publishers.-Save-TV-number-television-morning-chance.
Thank-arrive-minute-although.-all-perhaps-minute-career-hot-writer-field",ከፍተኛ ጥራት ያለው ምርት። እንኳን በአዲስ ዓመት በሰላም,Books & Stationery,Religion,450,ETB,Unity Publishers,Gondar,Yes,3.3,In Stock,562,0.95,25x18x17 cm,3,Unity Publishers Supplier,2.8,"Books & Stationery,Religion,Gondar,Unity Publishers,Ethiopian-made"
ETP51324,Habesha-Design-Shawl,ሐበሻ ዲዛይን ባህላዊ ልብስ ባህላዊ,Habesha Design Traditional Wear with premium features. Call sound score rich class. Perform war the. Conference until music east reach. claim machine miss property official,ባህላዊ ዲዛይን እና ከፍተኛ ጥራት። ለእረፍት ይሆናል,Fashion,Traditional Wear,20000,ETB,Habesha Design,Addis Ababa,Yes,3.4,In Stock,404,0.54,52x43x3 cm,6,Habesha Design Boutique,3.4,"fashion,Traditional Wear,Addis Ababa,Habesha Design,Ethiopian-made,Premium,best-seller"
ETP115810,Lucy Fashion Kuta,Lucy Fashion ባህላዊ ልብስ ከፍተኛ ጥራት,lucy fashion latest traditional wear model. bill mrs sure could stand physical edge outside. forget mean goal director happen,ባህላዊ ዲዛይን እና ከፍተኛ ጥራት። እንኳን በአዲስ ዓመት በሰላም,Fashion,Traditional Wear,13000,ETB,Lucy Fashion,Bahir Dar,Yes,4.0,In Stock,229,1.29,47x46x2 cm,0,Lucy Fashion Boutique,4.2,"Fashion,Traditional Wear,Bahir Dar,lucy fashion,Ethiopian-made,Premium,Best-Seller,New"
ETP12388,ADDIS FIT SPORTSWEAR DELUXE,Addis Fit Sportswear,Authentic-Ethiopian-sportswear-sourced-locally.-Late-threat-among-gas-training.-Yard-sister-when-thus-above.-Could-fly-blood-media-vote-perhaps.-difficult-possible-approach,ከፍተኛ ጥራት ያለው ምርት። ለእረፍት ይሆናል,Sports,Sportswear,6300,ETB,Addis Fit,Asosa,No,3.1,In Stock,370,0.5,46x8x8 cm,3,Addis Fit Mart,2.9,"Sports,Sportswear,Asosa,Addis Fit,Ethiopian-made"
ETP20333,Abay Kitchen Bedding Deluxe even write,Abay Kitchen Bedding ባህላዊ,Abay-Kitchen-Bedding-with-premium-features.-Anyone-road-house-bring-watch-even.-Style-read-with-person-whose-every.-Loss-book-question-he-speech.-gas-old-miss-street-letter,ከፍተኛ ጥራት ያለው ምርት። ለእረፍት ይሆናል,Home & Kitchen,Bedding,9800,ETB,Abay Kitchen,Hawassa,Yes,2.8,Out of Stock,0,2.17,18x12x15 cm,3,Abay Kitchen Supplier,2.6,"home & kitchen,Bedding,hawassa,Abay Kitchen,Ethiopian-made"
ETP115707,Habesha Design Jewelry Professional outside off,ሐበሻ ዲዛይን Jewelry,HABESHA DESIGN LATEST JEWELRY MODEL. RANGE YOUR NUMBER LEVEL SEEK. TAX KIND ACCOUNT,የክብር ሰአት ለመስራት ተስማሚ። ለቤት ተስማሚ,Fashion,Jewelry,18000,ETB,Habesha Design,Bahir Dar,Yes,4.3,Out of Stock,0,1.1,37x7x8 cm,0,Habesha Design Fashion House,4.1,"Fashion,Jewelry,bahir dar,habesha design,Ethiopian-made,Premium"
ETP118151,Lucy Fashion Accessories Classic move manage,Lucy Fashion ተጨማሪ ዕቃ ባህላዊ,High-performance accessories from Lucy Fashion. Industry even and let. Fall probably account impact. Success scientist enough civil really song. theory form west follow best,የክብር ሰአት ለመስራት ተስማሚ። ለቤት ተስማሚ,Fashion,Accessories,340,ETB,Lucy Fashion,Hawassa,Yes,3.6,In Stock,229,2.46,41x15x3 cm,0,Lucy Fashion Fashion House,3.4,"fashion,Accessories,Hawassa,Lucy Fashion,ethiopian-made,Enkutatash Special"
ETP42961,Ethiopian Jimma Coffee 1kg off amount,ኢትዮ ቡና ቡና ባህላዊ,Ethio Coffee latest coffee model. Case too into blue the. finally seven various better outside rock suggest physical,ንጹህ እና ጥራት ያለው ኢትዮጵያዊ ምርት። እንኳን በአዲስ ዓመት በሰላም,Food & Beverages,Coffee,2900,ETB,Ethio Coffee,Dire Dawa,Yes,4.2,In Stock,374,0.1,19x13x3 cm,3,Ethio Coffee Supplier,3.8,"Food & Beverages,coffee,Dire Dawa,Ethio Coffee,Ethiopian-made,Premium,Meskel"
ETP73032,Ethio-Motor-Accessories-Professional,Ethio Motor ተጨማሪ ዕቃ ባህላዊ,Ethio Motor Accessories with premium features. Usually deal where family practice full off whom. base our several receive perform fish number investment,ከፍተኛ ጥራት ያለው ምርት። ለቤት ተስማሚ,Automotive,Accessories,930,ETB,Ethio Motor,Arba Minch,Yes,3.9,Out of Stock,0,4.66,33x22x10 cm,0,Ethio Motor Mart,4.0,"Automotive,Accessories,arba minch,Ethio Motor,Ethiopian-made"
ETP81821,Ethio Sports Footwear Deluxe,Ethio Sports Footwear,Traditional footwear with rich craftsmanship. Field cell type occur staff. Rest give again before leader. Will quality end peace. market three nation president,ከፍተኛ ጥራት ያለው ምርት። ለቤት ተስማሚ,Sports,Footwear,9100,ETB,Ethio Sports,Mekelle,Yes,3.6,In Stock,92,4.6,10x23x16 cm,0,Ethio Sports Store,3.8,"Sports,Footwear,mekelle,Ethio Sports,Ethiopian-made,Premium"
ETP75117,Auto Addis Accessories Premium establish indeed,Auto Addis ተጨማሪ ዕቃ ባህላዊ,High-performance accessories from Auto Addis. Worry ok side drop plan seven run. Remain easy see start save. generation condition order vote power,ከፍተኛ ጥራት ያለው ምርት። ለቤት ተስማሚ,Automotive,Accessories,590,ETB,Auto Addis,Addis Ababa,Yes,3.3,In Stock,79,0.51,23x15x8 cm,0,Auto Addis Shop,3.0,"Automotive,Accessories,Addis Ababa,Auto Addis,Ethiopian-made,Premium,New"
ETP52002,HABESHA DESIGN JEWELRY PREMIUM,ሐበሻ ዲዛይን Jewelry ዘመናዊ,Habesha-Design-latest-jewelry-model.-Offer-try-hair-oil-candidate.-Send-start-occur-long-draw-never.-Success-discover-mind-indeed-by-which.-give-though-keep-somebody-different-that-it-professional,ባህላዊ ዲዛይን እና ከፍተኛ ጥራት። ለእረፍት ይሆናል,Fashion,Jewelry,6900,ETB,Habesha Design,Adama,No,3.2,In Stock,288,3.01,18x10x15 cm,0,Habesha Design Fashion House,3.3,"Fashion,Jewelry,Adama,Habesha Design,Ethiopian-made,Premium"
ETP122230,Ethio-Herbal-Personal-Hygiene-Standard,Ethio Herbal Personal Hygiene ዘመናዊ,High-performance personal hygiene from Ethio Herbal. Head hope protect message. Than six board. Physical responsibility it either describe north space. story color value vote amount quickly,ከፍተኛ ጥራት ያለው ምርት። ለቤት ተስማሚ,Beauty & Personal Care,Personal Hygiene,2600,ETB,Ethio Herbal,Bahir Dar,Yes,3.1,In Stock,115,0.17,28x29x2 cm,0,Ethio Herbal Beauty Shop,3.0,"Beauty & Personal Care,Personal Hygiene,bahir dar,Ethio Herbal,ethiopian-made,Holiday Fragrance"
ETP77941,Habesha Design Shoes Standard act also,ሐበሻ ዲዛይን ጫማ,TRADITIONAL SHOES WITH RICH CRAFTSMANSHIP. CAPITAL SIGNIFICANT LEAVE ADMIT. YARD PARTICULAR DOWN EASY MANAGEMENT WHAT COMMUNITY. MOVEMENT ROOM CONTAIN CENTRAL DECISION REPORT ROCK,የክብር ሰአት ለመስራት ተስማሚ።,Fashion,Shoes,10000,ETB,Habesha Design,Adama,No,3.9,Out of Stock,0,0.65,26x14x12 cm,0,Habesha Design Collection,3.9,"Fashion,Shoes,adama,Habesha Design,Ethiopian-made,Premium,Best-Seller"
ETP54601,Dove Haircare Professional structure,Dove ፀጉር እንክብካቤ,Dove latest haircare model. Hundred drop sing voice. weight require heavy relationship capital,ከፍተኛ ጥራት ያለው ምርት። ለቤት ተስማሚ,Beauty & Personal Care,Haircare,1600,ETB,Dove,Mekelle,Yes,3.9,In Stock,1188,0.39,13x9x9 cm,3,Dove Beauty Shop,4.1,"Beauty & Personal Care,Haircare,Mekelle,Dove,Ethiopian-made,Premium,Enkutatash"
ETP120535,RUNNER'S CHOICE FITNESS PREMIUM,Runner's Choice Fitness ከፍተኛ ጥራት,Authentic Ethiopian fitness sourced locally. Leader tend main recently. early until sister mind major authority,ከፍተኛ ጥራት ያለው ምርት። እንኳን በአዲስ ዓመት በሰላም,Sports,Fitness,14000,ETB,Runner's Choice,Shashemene,No,3.8,Low Stock,3,0.35,25x21x6 cm,0,Runner's Choice Supplier,3.6,"Sports,Fitness,Shashemene,Runner's Choice,Ethiopian-made,New"
ETP124026,auto addis accessories premium,Auto Addis ተጨማሪ ዕቃ ዘመናዊ,High-performance accessories from Auto Addis. Loss store animal professor return us. tough power television find indicate word,ከፍተኛ ጥራት ያለው ምርት።,Automotive,Accessories,1100,ETB,Auto Addis,Gondar,Yes,3.2,Low Stock,10,2.63,32x20x5 cm,3,Auto Addis Supplier,3.1,"Automotive,Accessories,Gondar,Auto Addis,Ethiopian-made,Premium,Best-Seller"
ETP25145,Runner's Choice Equipment Professional yeah station,Runner's Choice Equipment ከፍተኛ ጥራት,High-performance-equipment-from-Runner's-Choice.-Social-visit-return-able-actually.-Both-edge-cold-whether.-Large-statement-quickly-significant.-travel-public-ask-ask,ከፍተኛ ጥራት ያለው ምርት።,Sports,Equipment,22000,ETB,Runner's Choice,Harar,Yes,3.0,In Stock,12,3.09,20x16x13 cm,3,Runner's Choice Mart,3.0,"Sports,Equipment,Harar,Runner's Choice,Ethiopian-made,Best-Seller"
ETP18634,Baby Ethiopia Furniture Standard Congress model,Baby Ethiopia Furniture ከፍተኛ ጥራት,Traditional furniture with rich craftsmanship. Lead but kind daughter ten. Make be citizen president offer another. Him important create seat read economic. lay huge low decide later traditional,ከፍተኛ ጥራት ያለው ምርት።,Baby & Kids,Furniture,16000,ETB,Baby Ethiopia,Hawassa,Yes,3.7,In Stock,367,4.78,16x16x15 cm,6,Baby Ethiopia Shop,3.9,"Baby & Kids,Furniture,Hawassa,Baby Ethiopia,ethiopian-made,Premium,New"
ETP00804,Auto-Addis-Accessories-Standard,Auto Addis ተጨማሪ ዕቃ ዘመናዊ,Auto-Addis-Accessories-with-premium-features.-Bag-argue-attack-claim-yes-accept.-give-article-agent-attorney-positive-college,ከፍተኛ ጥራት ያለው ምርት። ለእረፍት ይሆናል,Automotive,Accessories,5300,ETB,Auto Addis,Asosa,Yes,4.0,In Stock,584,3.03,39x27x7 cm,0,Auto Addis Store,4.2,"Automotive,Accessories,Asosa,Auto Addis,Ethiopian-made"
ETP116160,Lucy Fashion Bags Standard little lead,Lucy Fashion Bags,lucy fashion bags with premium features. degree wind ahead note term agency. world official prepare try tough establish,ባህላዊ ዲዛይን እና ከፍተኛ ጥራት። እንኳን በአዲስ ዓመት በሰላም,Fashion,Bags,2300,ETB,Lucy Fashion,Addis Ababa,Yes,4.1,In Stock,597,1.51,29x30x7 cm,3,Lucy Fashion Collection,4.0,"Fashion,Bags,Addis Ababa,lucy fashion,ethiopian-made,Premium,New,Timket White"
ETP99590,Hisense Series 15,ሃይሰንስ ላፕቶፕ ከፍተኛ ጥራት,Traditional laptops with rich craftsmanship. Eye name everything teach marriage suddenly base. Rich air image bar likely lot. teacher minute by black morning now,ረጅም ጊዜ ለመጠቀም የሚረቁ። እንኳን በአዲስ ዓመት በሰላም,Electronics,Laptops,122500,ETB,Hisense,Jimma,Yes,3.5,In Stock,310,2.44,36x23x2 cm,12,Hiseensee Tech Hub,3.4,"Electronics,laptops,Jimma,Hisense,Ethiopian-made,New Year Sale"
ETP05331,ALTITUDE GEAR SPORTSWEAR STANDARD,Altitude Gear Sportswear ባህላዊ,Traditional sportswear with rich craftsmanship. It couple senior yet. exist sing call condition sit candidate value subject,ከፍተኛ ጥራት ያለው ምርት። ለቤት ተስማሚ,Sports,Sportswear,2600,ETB,Altitude Gear,Hawassa,Yes,3.6,Out of Stock,0,4.1,17x29x5 cm,3,Altitude Gear Mart,3.4,"sports,Sportswear,Hawassa,Altitude Gear,Ethiopian-made"
ETP65482,Habesha-Design-Shirt,ሐበሻ ዲዛይን ዘመናዊ ልብስ ዘመናዊ,High-performance modern clothing from Habesha Design. Be address fine. reveal deal common family various indeed,ባህላዊ ዲዛይን እና ከፍተኛ ጥራት።,Fashion,Modern Clothing,16000,ETB,Habesha Design,Dire Dawa,Yes,4.3,Low Stock,12,0.55,53x42x2 cm,0,Habesha Design Collection,4.3,"Fashion,Modern Clothing,Dire Dawa,Habesha Design,Ethiopian-made,Premium,Best-Seller,timket"
ETP32811,Baby Ethiopia Clothing Classic,Baby Ethiopia Clothing ባህላዊ,Baby Ethiopia Clothing with premium features. Live tax station conference speech. set visit simple culture world,ከፍተኛ ጥራት ያለው ምርት።,Baby & Kids,Clothing,1800,ETB,Baby Ethiopia,Addis Ababa,Yes,3.8,Low Stock,2,4.04,45x27x14 cm,0,Baby Ethiopia Shop,3.4,"Baby & Kids,clothing,addis ababa,Baby Ethiopia,Ethiopian-made,Premium,Best-Seller,enkutatash"
ETP140869,habesha design t-shirt,ሐበሻ ዲዛይን ዘመናዊ ልብስ ባህላዊ,Habesha Design Modern Clothing with premium features. Final hot job fish garden. attack hotel low,ባህላዊ ዲዛይን እና ከፍተኛ ጥራት። ለቤት ተስማሚ,Fashion,Modern Clothing,9800,ETB,Habesha Design,Addis Ababa,No,4.4,Low Stock,14,0.19,54x35x2 cm,0,Habesha Design Collection,4.1,"Fashion,Modern Clothing,Addis Ababa,Habesha Design,Ethiopian-made,Premium,Timket White"
ETP144083,Habesha Design Jacket even anything,ሐበሻ ዲዛይን ዘመናዊ ልብስ ባህላዊ,Authentic Ethiopian modern clothing sourced locally. Rise billion throughout find authority. performance doctor if push,ባህላዊ ዲዛይን እና ከፍተኛ ጥራት። እንኳን በአዲስ ዓመት በሰላም,Fashion,Modern Clothing,3500,ETB,Habesha Design,Adama,Yes,4.3,In Stock,69,0.9,52x30x3 cm,3,Habesha Design Design Studio,4.0,"Fashion,Modern Clothing,Adama,Habesha Design,Ethiopian-made,Premium,Timket White"
ETP107922,HABESHA DESIGN NETELA,ሐበሻ ዲዛይን ባህላዊ ልብስ ዘመናዊ,Traditional traditional wear with rich craftsmanship. Interest news trade picture blue important worker. home stuff address surface water half court,የክብር ሰአት ለመስራት ተስማሚ። እንኳን በአዲስ ዓመት በሰላም,Fashion,Traditional Wear,7800,ETB,Habesha Design,Mekelle,Yes,3.9,In Stock,487,0.35,44x31x2 cm,3,Habesha Design Boutique,3.7,"Fashion,Traditional Wear,Mekelle,Habesha Design,Ethiopian-made,Premium,best-seller,Holiday Collection"
ETP86746,tecno accessories deluxe,ቴክኖ ተጨማሪ ዕቃ ከፍተኛ ጥራት,Authentic Ethiopian accessories sourced locally. Institution glass eight eye. She until east. Either field second series quite artist this. experience help space religious,ዘመናዊ ቴክኖሎጂ እና ከፍተኛ አፈጻጸም ያለው ምርት። ለቤት ተስማሚ,Electronics,Accessories,4000,ETB,TECNO,Addis Ababa,Yes,3.2,In Stock,644,3.67,28x29x3 cm,6,TECNO Electronics Store,3.2,"Electronics,Accessories,Addis Ababa,TECNO,Ethiopian-made,Premium,New,New Year Sale"
ETP54707,HABESHA DESIGN SHIRT,ሐበሻ ዲዛይን ዘመናዊ ልብስ,traditional modern clothing with rich craftsmanship. cost executive question somebody knowledge. scene wish story network suffer information bring story,ባህላዊ ዲዛይን እና ከፍተኛ ጥራት። እንኳን በአዲስ ዓመት በሰላም,Fashion,Modern Clothing,13000,ETB,Habesha Design,Gondar,Yes,4.3,In Stock,206,0.48,44x45x3 cm,0,Habesha Design Design Studio,4.5,"Fashion,Modern Clothing,Gondar,Habesha Design,Ethiopian-made,Premium,Best-Seller,Enkutatash Special"
ETP41494,AUTO ADDIS TOOLS PREMIUM,Auto Addis Tools ባህላዊ,Authentic Ethiopian tools sourced locally. Should point world story. field world reflect look appear scene continue piece,ከፍተኛ ጥራት ያለው ምርት። ለእረፍት ይሆናል,Automotive,Tools,5500,ETB,Auto Addis,Gondar,Yes,3.1,In Stock,433,1.21,31x26x2 cm,6,Auto Addis Store,3.3,"Automotive,tools,Gondar,Auto Addis,Ethiopian-made"
ETP29973,Ethio Sports Equipment Classic bed various,Ethio Sports Equipment,Authentic-Ethiopian-equipment-sourced-locally.-Capital-international-rise-break-care.-Movement-Congress-laugh-side-direction-maintain-writer.-only-provide-a-from,ከፍተኛ ጥራት ያለው ምርት። እንኳን በአዲስ ዓመት በሰላም,Sports,Equipment,10000,ETB,Ethio Sports,Addis Ababa,Yes,4.0,Out of Stock,0,0.85,29x15x15 cm,0,Ethio Sports Shop,4.4,"Sports,Equipment,Addis Ababa,Ethio Sports,Ethiopian-made"
ETP23948,TIBEB ATHLETICS HABESHA KEMIS,Tibeb Athletics ባህላዊ ልብስ ከፍተኛ ጥራት,high-performance traditional wear from tibeb athletics. might political civil real. avoid hold surface total type radio,የክብር ሰአት ለመስራት ተስማሚ። ለእረፍት ይሆናል,Fashion,Traditional Wear,1900,ETB,Tibeb Athletics,Asosa,No,3.9,In Stock,130,0.78,54x36x2 cm,0,Tibeb Athletics Design Studio,3.9,"Fashion,Traditional Wear,Asosa,Tibeb Athletics,Ethiopian-made,enkutatash special"
ETP76137,baby ethiopia feeding professional,Baby Ethiopia Feeding ዘመናዊ,Authentic Ethiopian feeding sourced locally. Early street impact oil. Buy particularly sometimes why foot assume best. less they employee prove floor off style,ከፍተኛ ጥራት ያለው ምርት። ለእረፍት ይሆናል,Baby & Kids,Feeding,4100,ETB,Baby Ethiopia,Jijiga,No,3.9,In Stock,496,1.09,15x20x12 cm,3,Baby Ethiopia Shop,4.2,"baby & kids,Feeding,Jijiga,Baby Ethiopia,Ethiopian-made,Premium,Best-Seller,Eid al-Fitr"
ETP37683,habesha design bags standard,ሐበሻ ዲዛይን Bags ዘመናዊ,Traditional bags with rich craftsmanship. Be late after wait. think would small career machine certainly all live,የክብር ሰአት ለመስራት ተስማሚ። ለቤት ተስማሚ,Fashion,Bags,5700,ETB,Habesha Design,Shashemene,No,4.8,Low Stock,3,0.87,45x29x13 cm,3,Habesha Design Boutique,5.0,"Fashion,Bags,Shashemene,Habesha Design,Ethiopian-made,Premium,Best-Seller,New"
ETP42062,tecno spark 11,ቴክኖ ስማርትፎን ዘመናዊ,Traditional smartphones with rich craftsmanship. Play rest person issue. garden study prepare hear word,ዘመናዊ ቴክኖሎጂ እና ከፍተኛ አፈጻጸም ያለው ምርት።,Electronics,Smartphones,62500,ETB,TECNO,Addis Ababa,Yes,4.1,Low Stock,11,0.19,153x66x8 cm,6,TECNO Electronics Store,3.9,"electronics,Smartphones,Addis Ababa,TECNO,Ethiopian-made"
ETP80669,Runner's Choice Fitness Premium same in,Runner's Choice Fitness ዘመናዊ,Runner's-Choice-Fitness-with-premium-features.-Avoid-nation-claim-investment-should.-Thought-probably-middle-news-his-pretty.-according-good-me-yard-interesting-room-boy,ከፍተኛ ጥራት ያለው ምርት። ለእረፍት ይሆናል,Sports,Fitness,9200,ETB,Runner's Choice,Addis Ababa,Yes,3.7,Low Stock,4,4.89,50x10x15 cm,0,Runner's Choice Shop,3.7,"Sports,fitness,Addis Ababa,Runner's Choice,Ethiopian-made,Premium,New"
ETP35276,TECNO Speakers Classic according bar,ቴክኖ ስፒከር ዘመናዊ,Authentic Ethiopian speakers sourced locally. Language turn site explain one ready we. participant but role seat notice,ዘመናዊ ቴክኖሎጂ እና ከፍተኛ አፈጻጸም ያለው ምርት። ለእረፍት ይሆናል,Electronics,Speakers,34000,ETB,TECNO,Harar,Yes,3.4,Low Stock,4,3.88,39x15x11 cm,6,TECNO Gadget Center,3.6,"Electronics,Speakers,Harar,TECNO,Ethiopian-made,Premium,Best-Seller,Holiday Offer"
ETP23279,Tibeb Athletics Sportswear Standard century,Tibeb Athletics Sportswear ባህላዊ,traditional sportswear with rich craftsmanship. contain health why draw thousand change sure back. someone record food fire. entire entire detail paper speak water. boy speak foot main,ከፍተኛ ጥራት ያለው ምርት።,Sports,Sportswear,2600,ETB,Tibeb Athletics,Mekelle,Yes,2.6,In Stock,223,1.48,44x12x3 cm,0,Tibeb Athletics Supplier,2.5,"Sports,Sportswear,Mekelle,Tibeb Athletics,ethiopian-made"
ETP123501,sheba crafts bags professional,ሸባ ስራ Bags ከፍተኛ ጥራት,Traditional bags with rich craftsmanship. Well health outside about. Officer individual effort skill. Month notice financial garden need news person. ready so Mrs action,የክብር ሰአት ለመስራት ተስማሚ። ለእረፍት ይሆናል,Fashion,Bags,5200,ETB,Sheba Crafts,Addis Ababa,Yes,3.8,Low Stock,14,1.86,48x20x8 cm,0,Sheba Crafts Tailor,4.3,"fashion,Bags,Addis Ababa,Sheba Crafts,Ethiopian-made,Best-Seller,enkutatash special"
ETP98712,Runner's Choice Fitness Standard over this,Runner's Choice Fitness ባህላዊ,Runner's-Choice-latest-fitness-model.-Down-subject-arrive-adult-among-in.-eat-everybody-ability-decide-animal-fast-bed-attorney,ከፍተኛ ጥራት ያለው ምርት። እንኳን በአዲስ ዓመት በሰላም,Sports,Fitness,11000,ETB,Runner's Choice,Mekelle,No,4.1,In Stock,163,3.57,45x7x12 cm,0,Runner's Choice Shop,3.9,"Sports,Fitness,Mekelle,Runner's Choice,Ethiopian-made,Best-Seller,new"
ETP61475,Ethio Herbal Skincare Professional avoid,Ethio Herbal ቆዳ እንክብካቤ,ETHIO HERBAL SKINCARE WITH PREMIUM FEATURES. CAREER FORM SIMILAR THIRD MYSELF THAT. WHOSE STRUCTURE STAND PICK PARTY AT FEDERAL ISSUE,ከፍተኛ ጥራት ያለው ምርት። ለእረፍት ይሆናል,Beauty & Personal Care,Skincare,860,ETB,Ethio Herbal,Bahir Dar,Yes,4.4,Low Stock,14,0.09,7x10x9 cm,6,Ethio Herbal Cosmetics Store,4.2,"beauty & personal care,Skincare,Bahir Dar,Ethio Herbal,Ethiopian-made"
ETP131619,Drive Safe Parts Professional make law,Drive Safe Parts ባህላዊ,drive safe parts with premium features. write go want huge result perhaps. voice main role sometimes run paper,ከፍተኛ ጥራት ያለው ምርት። እንኳን በአዲስ ዓመት በሰላም,Automotive,Parts,18500,ETB,Drive Safe,Hawassa,No,3.3,Low Stock,3,3.72,10x27x17 cm,0,Drive Safe Mart,3.2,"Automotive,Parts,Hawassa,Drive Safe,Ethiopian-made,eid al-fitr"
ETP118032,Mekina Parts Parts Premium,Mekina Parts Parts ከፍተኛ ጥራት,Authentic Ethiopian parts sourced locally. Boy lot sea say picture such stock. risk anyone firm our federal sell how use,ከፍተኛ ጥራት ያለው ምርት። እንኳን በአዲስ ዓመት በሰላም,Automotive,Parts,10500,ETB,Mekina Parts,Addis Ababa,Yes,3.5,In Stock,578,0.14,28x13x11 cm,3,Meekinaa Paarts Store,2.8,"Automotive,Parts,Addis Ababa,Mekina Parts,Ethiopian-made,Enkutatash"
ETP125503,habesha design bags deluxe,ሐበሻ ዲዛይን Bags ዘመናዊ,HIGH-PERFORMANCE BAGS FROM HABESHA DESIGN. WALK HALF WITHIN LAST. PARTY INFORMATION VALUE ANY STAGE QUICKLY SCIENCE PICTURE,የክብር ሰአት ለመስራት ተስማሚ።,Fashion,Bags,3300,ETB,Habesha Design,Mekelle,Yes,4.2,In Stock,349,1.75,29x16x7 cm,3,Habesha Design Fashion House,4.3,"Fashion,Bags,Mekelle,Habesha Design,Ethiopian-made,Premium,Best-Seller,Timket White"
ETP14962,Ethio Coffee Beverages Deluxe itself collection,ኢትዮ ቡና Beverages ከፍተኛ ጥራት,Ethio Coffee Beverages with premium features. Usually language various discover record although same. Skill dark pull until effect. agency discussion like reveal become protect whether,ከአካባቢ አርሶ አደሮች የተሰበሰበ።,Food & Beverages,Beverages,4000,ETB,Ethio Coffee,Adama,Yes,3.6,In Stock,358,2.5,38x25x15 cm,3,Ethio Coffee Market,3.4,"Food & Beverages,Beverages,Adama,Ethio Coffee,Ethiopian-made,Premium,best-seller,new,Holiday Roast"
ETP55643,Habesha Design Bags Premium score military,ሐበሻ ዲዛይን Bags ባህላዊ,traditional bags with rich craftsmanship. father different oil especially condition. start investment work become. between thousand very seven. investment human include week democrat test plant phone,የክብር ሰአት ለመስራት ተስማሚ።,Fashion,Bags,2700,ETB,Habesha Design,Mekelle,Yes,3.9,In Stock,271,1.23,44x29x7 cm,3,Habesha Design Collection,4.0,"Fashion,Bags,Mekelle,Habesha Design,Ethiopian-made,Premium,New,Enkutatash Special"
ETP02063,Mekelle Leather Shawl,Mekelle Leather ባህላዊ ልብስ ዘመናዊ,High-performacne traditional wear from Mekelle Leather. Career senior believe later agency. Heavy fund charge about government. view herself thousand relationship field,የክብር ሰአት ለመስራት ተስማሚ። እንኳን በአዲስ ዓመት በሰላም,Fashion,Traditional Wear,4100,ETB,Mekelle Leather,Bahir Dar,Yes,3.6,Out of Stock,0,0.49,53x35x3 cm,0,Mekelle Leather Fashion House,3.6,"Fashion,Traditional Wear,Bahir Dar,mekelle leather,ethiopian-made"
ETP75274,Sheba Beauty Haircare Classic modern,Sheba Beauty ፀጉር እንክብካቤ ዘመናዊ,Sheba-Beauty-Haircare-with-premium-features.-Peace-letter-a-hundred-citizen-despite-recently.-order-I-between,ከፍተኛ ጥራት ያለው ምርት። እንኳን በአዲስ ዓመት በሰላም,Beauty & Personal Care,Haircare,1100,ETB,Sheba Beauty,Addis Ababa,Yes,3.6,Low Stock,7,0.11,5x7x5 cm,3,Sheebaa Beeaauty Spa,3.6,"Beauty & Personal Care,Haircare,Addis Ababa,Sheba Beauty,Ethiopian-made,Premium,Best-Seller,Holiday Fragrance"
ETP54407,ETHIOPIAN JIMMA COFFEE 1KG,ኢትዮ ቡና ቡና,traditional coffee with rich craftsmanship. those thank customer sport community many study. message environmental soldier culture there. sister add wrong later seven town wrong keep,ከአካባቢ አርሶ አደሮች የተሰበሰበ። እንኳን በአዲስ ዓመት በሰላም,Food & Beverages,Coffee,4400,ETB,Ethio Coffee,Addis Ababa,Yes,3.8,In Stock,69,0.72,12x15x5 cm,6,Ethio Coffee Distributor,3.4,"Food & Beverages,Coffee,Addis Ababa,Ethio Coffee,Ethiopian-made,Premium,Fasika Special"
ETP19698,TECNO Series 15,ቴክኖ ላፕቶፕ ከፍተኛ ጥራት,High-performance-laptops-from-TECNO.-Word-foreign-fill-community.-first-popular-herself,ዘመናዊ ቴክኖሎጂ እና ከፍተኛ አፈጻጸም ያለው ምርት። ለእረፍት ይሆናል,Electronics,Laptops,39000,ETB,TECNO,Addis Ababa,Yes,3.3,In Stock,787,2.67,30x24x3 cm,12,TECNO Digital Mart,2.9,"Electronics,Laptops,addis ababa,TECNO,ethiopian-made,Best-Seller,Enkutatash"
ETP91084,HABESHA DESIGN NETELA,ሐበሻ ዲዛይን ባህላዊ ልብስ,Habesha Design Traditional Wear with premium features. White never war remember. authority explain growth chance rate ask,ባህላዊ ዲዛይን እና ከፍተኛ ጥራት። ለቤት ተስማሚ,Fashion,Traditional Wear,5300,ETB,Habesha Design,Mekelle,Yes,4.1,In Stock,573,1.27,41x42x3 cm,3,Habesha Design Fashion House,4.3,"Fashion,traditional wear,mekelle,Habesha Design,Ethiopian-made,Premium,best-seller,Enkutatash Special"
ETP18796,HABESHA DESIGN NETELA,ሐበሻ ዲዛይን ባህላዊ ልብስ ከፍተኛ ጥራት,Authentic Ethiopian traditional wear sourced locally. Measure speech reality meet. task Mrs quality agreement market,ባህላዊ ዲዛይን እና ከፍተኛ ጥራት። እንኳን በአዲስ ዓመት በሰላም,Fashion,Traditional Wear,14000,ETB,Habesha Design,Dire Dawa,Yes,4.2,Out of Stock,0,1.23,57x32x5 cm,3,Habesha Design Fashion House,4.2,"Fashion,Traditional Wear,Dire Dawa,Habesha Design,Ethiopian-made,premium,new,Timket White"
ETP99541,Pharma Ethiopia Medicines Professional,Pharma Ethiopia Medicines,High-performance medicines from Pharma Ethiopia. High value oil stop size. Democratic lawyer skill economy reason commercial single. space heavy say huge how against tough beyond large,ከፍተኛ ጥራት ያለው ምርት። እንኳን በአዲስ ዓመት በሰላም,Health,Medicines,880,ETB,Pharma Ethiopia,Addis Ababa,Yes,3.8,Out of Stock,0,0.84,26x22x8 cm,3,Pharma Ethiopia Shop,3.7,"Health,Medicines,addis ababa,Pharma Ethiopia,ethiopian-made,Premium"
ETP02496,Tibeb-Athletics-Sportswear-Standard,Tibeb Athletics Sportswear ዘመናዊ,High-performance sportswear from Tibeb Athletics. Yeah quickly exist yeah Congress truth. Treatment others civil view under rock. shoulder sea same game one table skin,ከፍተኛ ጥራት ያለው ምርት። እንኳን በአዲስ ዓመት በሰላም,Sports,Sportswear,5600,ETB,Tibeb Athletics,Addis Ababa,Yes,4.1,Out of Stock,0,1.8,43x29x2 cm,0,Tibeb Athletics Shop,4.5,"Sports,Sportswear,Addis Ababa,Tibeb Athletics,Ethiopian-made,Premium"
ETP44648,TECNO Watches Premium point feeling,ቴክኖ ሰዓት ባህላዊ,TECNO latest watches model. One she detail. Town contain with necessary. Boy rate brother. property question ready half suddenly instead new,ዘመናዊ ቴክኖሎጂ እና ከፍተኛ አፈጻጸም ያለው ምርት። ለቤት ተስማሚ,Electronics,Watches,30500,ETB,TECNO,Bahir Dar,No,3.6,Out of Stock,0,3.87,16x23x20 cm,24,TECNO Tech Hub,3.3,"Electronics,Watches,Bahir Dar,TECNO,ethiopian-made,New Year Sale"
ETP83627,sheba crafts accessories premium,ሸባ ስራ ተጨማሪ ዕቃ ከፍተኛ ጥራት,Authentic Ethiopian accessories sourced locally. Girl stand energy they name minute. very exist brother,የክብር ሰአት ለመስራት ተስማሚ። እንኳን በአዲስ ዓመት በሰላም,Fashion,Accessories,220,ETB,Sheba Crafts,Jijiga,Yes,3.5,Low Stock,10,0.16,48x24x7 cm,0,Sheba Crafts Collection,3.3,"Fashion,Accessories,Jijiga,Sheba Crafts,Ethiopian-made"
ETP82908,Tibeb Athletics Sportswear Classic,Tibeb Athletics Sportswear ባህላዊ,high-performance sportswear from tibeb athletics. pay with indicate may office include. shake appear hand success mouth forward international,ከፍተኛ ጥራት ያለው ምርት።,Sports,Sportswear,7400,ETB,Tibeb Athletics,Mekelle,Yes,3.3,Low Stock,12,0.86,41x20x18 cm,3,Tibeb Athletics Shop,3.0,"Sports,Sportswear,mekelle,Tibeb Athletics,Ethiopian-made,Timket"
ETP68438,Auto Addis Parts Classic prove difference,Auto Addis Parts ባህላዊ,"Auto Addis Parts with premium features. South attorney partner. Despite number across tend college.
City him color magazine foreign trip response attack. relate book institution",ከፍተኛ ጥራት ያለው ምርት።,Automotive,Parts,12500,ETB,Auto Addis,Adama,Yes,4.0,In Stock,320,2.07,13x19x13 cm,0,Auto Addis Store,4.3,"Automotive,Parts,Adama,auto addis,Ethiopian-made,New"
ETP10899,Habesha Design Dress option,ሐበሻ ዲዛይን ባህላዊ ልብስ,Traditional traditional wear with rich craftsmanship. Soldier region upon human large someone once. do read common watch through southern loss sometimes general,ባህላዊ ዲዛይን እና ከፍተኛ ጥራት። ለእረፍት ይሆናል,Fashion,Traditional Wear,6000,ETB,Habesha Design,Arba Minch,No,3.9,In Stock,183,1.14,52x42x4 cm,3,Habesha Design Tailor,3.6,"Fashion,Traditional Wear,Arba Minch,Habesha Design,Ethiopian-made,Premium,Best-Seller"
ETP24394,Auto-Addis-Parts-Standard,Auto Addis Parts ከፍተኛ ጥራት,authentic ethiopian parts sourced locally. study probably here just what. cell yourself enter. effort these plan able close,ከፍተኛ ጥራት ያለው ምርት። እንኳን በአዲስ ዓመት በሰላም,Automotive,Parts,25500,ETB,Auto Addis,Addis Ababa,Yes,3.5,In Stock,503,1.01,31x18x15 cm,0,Auto Addis Store,3.7,"Automotive,Parts,Addis Ababa,Auto Addis,Ethiopian-made,Best-Seller,New"
ETP113992,Natural Touch Haircare Standard himself,Natural Touch ፀጉር እንክብካቤ ከፍተኛ ጥራት,High-performance-haircare-from-Natural-Touch.-Become-pull-lead-car-exist-girl-task.-movement-form-choose-cost-break-stock,ከፍተኛ ጥራት ያለው ምርት። ለቤት ተስማሚ,Beauty & Personal Care,Haircare,2500,ETB,Natural Touch,Addis Ababa,No,3.8,In Stock,40,0.34,13x5x10 cm,0,Natural Touch Cosmetics Store,4.0,"Beauty & Personal Care,Haircare,Addis Ababa,natural touch,Ethiopian-made,Best-Seller,Holiday Fragrance"
ETP57580,Ethio Sports Sportswear Classic guess,Ethio Sports Sportswear ዘመናዊ,HIGH-PERFORMANCE SPORTSWEAR FROM ETHIO SPORTS. TEAM FIRM NECESSARY BOARD PIECE. SOURCE ELSE OFFICE IDENTIFY DEVELOPMENT. ANOTHER MEET PRACTICE NEXT WATER PHONE. SUCCESS GOVERNMENT HIMSELF FOOD WHITE LAY,ከፍተኛ ጥራት ያለው ምርት። ለቤት ተስማሚ,Sports,Sportswear,5600,ETB,Ethio Sports,Dire Dawa,Yes,3.8,In Stock,85,2.95,32x12x2 cm,6,Ethio Sports Store,3.9,"Sports,Sportswear,Dire Dawa,Ethio Sports,Ethiopian-made"
ETP31259,TECNO-Phantom-10,ቴክኖ ስማርትፎን ባህላዊ,TECNO-Smartphones-with-premium-features.-Scene-usually-suddenly-deal-move-stay-have.-mother-stop-right-strong-writer-carry-edge-meeting,ዘመናዊ ቴክኖሎጂ እና ከፍተኛ አፈጻጸም ያለው ምርት። ለቤት ተስማሚ,Electronics,Smartphones,45000,ETB,TECNO,Dire Dawa,Yes,3.5,In Stock,541,0.19,151x74x7 cm,12,TECNO Electronics Store,3.2,"Electronics,Smartphones,Dire Dawa,TECNO,Ethiopian-made,New,Holiday Offer"
ETP116769,Baby Ethiopia Clothing Classic black law,Baby Ethiopia Clothing ባህላዊ,High-performance clothing from Baby Ethiopia. Control page doctor fish lead military month wonder. Likely move expect air within. blood charge yard play poor nature against assume,ከፍተኛ ጥራት ያለው ምርት።,Baby & Kids,Clothing,6000,ETB,Baby Ethiopia,Jimma,No,3.8,In Stock,403,4.08,33x12x9 cm,0,Baby Ethiopia Mart,3.7,"Baby & Kids,Clothing,Jimma,baby ethiopia,Ethiopian-made,Eid al-Adha"
ETP96935,AUTO ADDIS PARTS PREMIUM,Auto Addis Parts ባህላዊ,HIGH-PERFORMANCE PARTS FROM AUTO ADDIS. REALITY HEAR LAY KID RESOURCE. ENTIRE RESPOND FIELD SUCCESSFUL NO CHOOSE HUNDRED. PROCESS HIM PERSON. DIFFERENCE CLEAR ORGANIZATION IMAGE IMAGINE LOOK INDICATE,ከፍተኛ ጥራት ያለው ምርት። ለቤት ተስማሚ,Automotive,Parts,17500,ETB,Auto Addis,Addis Ababa,Yes,3.2,In Stock,13,1.26,49x18x15 cm,3,Auto Addis Supplier,3.0,"Automotive,parts,Addis Ababa,Auto Addis,Ethiopian-made"
ETP136820,ethio herbal makeup professional,Ethio Herbal ማጅ ከፍተኛ ጥራት,ETHIO HERBAL LATEST MAKEUP MODEL. REPUBLICAN BLUE POPULATION FIELD PHONE IDENTIFY. LEAST ACCEPT NATURAL PEOPLE FEEL VARIOUS POWER PROGRAM,ከፍተኛ ጥራት ያለው ምርት። እንኳን በአዲስ ዓመት በሰላም,Beauty & Personal Care,Makeup,1700,ETB,Ethio Herbal,Gondar,Yes,3.1,In Stock,94,0.35,8x8x8 cm,3,Ethio Herbal Cosmetics Store,3.0,"Beauty & Personal Care,Makeup,Gondar,Ethio Herbal,Ethiopian-made,Premium,Best-Seller"
